question,answer,category,table_id,answer_format
At what age can an Australian both serve and be deployed in the Australian Defence Force?,18,army,1116,<num_years>
"After 2024, what year after will the next celebration of Purim occur?",2025,holiday,206,yyyy
"At what age can an Australian first be selected, serve, be deployed, and be eligible for selective service in the Australian Defence Force?",19,army,1116,<num_years>
At what age did Brian Lara play for Southern Rocks?,41,cricket,528,<num_years>
At what age did Brian Lara play his last ODI?,37,cricket,528,<num_years>
What year did Jenson Button first participate in the Australian Grand Prix?,2000,f1,0,yyyy
At what age did Chiyonofuji Mitsugu retire?,36,sumo,131,<num_years>
After what age does the most common onset of gallbladder cancer occur?,65,disease,1201,<num_years>
After what date was Hurricane Gaston on land?,"August 29, 2004",cyclone,957,"%B %d, %Y"
"After winning a bronze medal at the 2001 Mediterranean Games, in which year did Alejandro Valverde next win a medal at the World Championships?",2003,cycling,99,yyyy
Around which year will the next orbital period begin starting from the time of perihelion?,2206,planet,1138,yyyy
"Between 2021 and 2024, how many years does Mardi Gras take place in February?",3,holiday,218,<num_years>
"Between 2021 and 2024, which year does Purim occur the earliest in the year?",2021,holiday,206,yyyy
"Between 2021 and 2024, which year does Purim occur the latest in the year?",2024,holiday,206,yyyy
"Between 2021 and 2024, which year does Sukkot occur earliest in the year?",2021,holiday,219,yyyy
"Between 2021 and 2024, which year does Sukkot occur latest in the year?",2024,holiday,219,yyyy
By how many days did the Black Friday dates differ between 2022 and 2021?,1,holiday,214,<num_days>
By how many days did the National Election Day dates differ in 2022 and 2023?,1,holiday,209,<num_days>
At what age did Dhanraj Pillay compete in his first Asian Games?,22,hockey,485,<num_years>
At what age did Dhanraj Pillay join the National team?,21,hockey,485,<num_years>
At what age did Dhanraj Pillay play for Indian Gymkhana?,24,hockey,485,<num_years>
At what age did Don Bradman join his second domestic team?,27,cricket,527,<num_years>
At what age did Don Bradman play for the national side?,20,cricket,527,<num_years>
At what age did Don Bradman play his last Test?,40,cricket,527,<num_years>
At what age did Eddy Merckx last win 34 individual stages at the Tour de France?,30,cycling,635,<num_years>
At what age did Eddy Merckx win gold at the 1964 World Championships?,19,cycling,635,<num_years>
What year did Rubens Barrichello have his best finish in his Stock Car Brasil career?,2014,f1,51,yyyy
At what age did Farag turn professional?,17,squash,106,<num_years>
At what age did Gagan Ajit Singh win a medal at the Asian Games?,22,hockey,486,<num_years>
At what age did Gagan Ajit Singh win a medal at the Champions Challenge?,21,hockey,486,<num_years>
At what age did Haguroyama Masaji achieve his highest rank?,26,sumo,137,<num_years>
At what age did Haguroyama Masaji receive his highest ranking?,27,sumo,137,<num_years>
By how many days do the dates of Black Friday differ between 2021 and 2024?,3,holiday,214,<num_days>
How many days after being completed was the Maori commissioned?,5,ship,1111,<num_days>
At what age did Haguroyama Masaji retire?,39,sumo,137,<num_years>
At what age did Jenson Button become active in his career?,20,f1,259,<num_years>
At what age did Jenson Button win his first Hungarian Grand Prix?,26,f1,259,<num_years>
At what age did Jenson Button win his last Brazilian Grand Prix?,32,f1,259,<num_years>
How many days after being launched was the Maori commissioned?,459,ship,1111,<num_days>
At what age did Kimi Räikkönen enter his first Formula One World Championship?,22,f1,344,<num_years>
At what age did Kimi Räikkönen get divorced?,35,f1,344,<num_years>
At what age did Kimi Räikkönen win his first Formula One World Championship?,24,f1,344,<num_years>
At what age did Mohamed El Shorbagy turn pro?,15,squash,108,<num_years>
At what age did Mohamed El Shorbagy win the World Team Championship?,20,squash,108,<num_years>
How long in months did it last as Adal?,17,political party,932,<num_months>
At what age did Riccardo Patrese first win the Monaco Grand Prix?,28,f1,261,<num_years>
At what age did Riccardo Patrese start his career?,23,f1,261,<num_years>
At what age did Riccardo Patrese win the Japanese Grand Prix?,38,f1,261,<num_years>
At what age did Roger De Vlaeminck win his first World Championships gold medal?,28,cycling,637,<num_years>
At what age did Roger De Vlaeminck win the Vuelta a España in 1984?,37,cycling,637,<num_years>
At what age did Roger De Vlaeminck win the Vuelta a España?,37,cycling,637,<num_years>
At what age did Sebastian Vettel win his first Italian Grand Prix?,21,f1,262,<num_years>
At what age did Sebastian Vettel win his last race at the Singapore Grand Prix?,32,f1,262,<num_years>
For how many years did Dhanraj Pillay play for the national side?,15,hockey,485,<num_years>
For how many years did Jenson Button's professional career last?,17,f1,0,<num_years>
For how many years did Raymond Poulidor belong to a professional team?,17,cycling,104,<num_years>
During what year did Ciriello win the most overall gold medals?,2014,hockey,670,yyyy
For how many years did Sanath Jayasuriya play for Bloomfield?,17,cricket,56,<num_years>
For how many years did Shohei Yamamoto play in the senior division?,18,boxing,484,<num_years>
For how many years did Viv Richards play domestically?,22,cricket,57,<num_years>
In which year did Alejandro Valverde achieve his first Tour de France victory?,2005,cycling,99,yyyy
For how many years had Chiyonofuji been a sumo wrestler since 1970?,21,sumo,131,<num_years>
For how many days is Diwali celebrated?,5,holiday,216,<num_days>
For how many years has the current form of the Saudi Arabian Armed Forces been in effect?,79,army,1122,<num_years>
What year did Felice Gimondi win his first medal?,1970,cycling,100,yyyy
For how many years was ExoMars launched?,6,orbitor,461,<num_years>
How long in years did Kapil Dev play ODI cricket?,16,cricket,52,<num_years>
How long in years did Sachin Tendulkar play for Mumbai?,25,cricket,526,<num_years>
For how many days was Hurricane Gaston over the water?,3,cyclone,957,<num_days>
What year did Gino Bartali first join the amateur team?,1931,cycling,102,yyyy
How long in years did Sanath Jayasuriya play for his national team?,22,cricket,56,<num_years>
How long in years did Sean Kelly compete in professional teams?,17,cycling,105,<num_years>
How long in years did Shohei Yamamoto's youth career last?,5,boxing,484,<num_years>
How long in years did the USA support the Insurgency in Laos starting from 1975?,15,proxy war,987,<num_years>
What year did Joop Zoetemelk win gold at the World Championships?,1985,cycling,103,yyyy
"Given she swam 4 laps, what was the average number of seconds it took Alia Atkinson to swim a lap, rounded to the nearest integer?",16,sports event,1031,<num_seconds>
How long in years did the Years of Lead last in Italy?,26,proxy war,1020,<num_years>
In which year did Poulidor win a silver medal at the World Championships?,1974,cycling,104,yyyy
In what year did Poulidor join a professional team?,1960,cycling,104,yyyy
In what year was Raymond Poulidor's best finish in a championship?,1974,cycling,104,yyyy
In what year did Raymond Poulidor first receive a medal in a championship?,1961,cycling,104,yyyy
How long in years has Paul Coll been active in his career?,12,squash,109,<num_years>
How long in years has the Saudi Arabian Armed Forces been in existence?,277,army,1122,<num_years>
How long in years has the United Sabah Party been affilliated with Barisan Nasional?,21,political party,184,<num_years>
How long in years was Sachin Tendulkar a member of parliament?,6,cricket,526,<num_years>
In what year did Sean Kelly last win a medal at the World Championships?,1989,cycling,105,yyyy
How long in years was Sachin Tendulkar a part of the national side?,24,cricket,526,<num_years>
In what year did Sean Kelly attend his first World Championships?,1982,cycling,105,yyyy
In what year did Ali Farag win his first team gold at the World Team Championships?,2017,squash,106,yyyy
How many more years did Alejandro Valverde spend with Illes Balears–Banesto than with Kelme–Costa Blanca?,3,cycling,99,<num_years>
How many more years did Lal play for Delhi than for Punjab?,4,cricket,53,<num_years>
How many more years did Madan Lal spend at Delhi than in Punjab?,14,cricket,53,<num_years>
How many more years did Richards play for the Leeward Islands than for Glamorgan?,17,cricket,57,<num_years>
How many more years did the Malayan Emergency last after the independence of the Federation of Malaya?,3,proxy war,997,<num_years>
How many more years did Winston Churchill serve as a leader than Harold Macmillan?,1,proxy war,997,<num_years>
How many more years did Younis play for Surrey than for Glamorgan?,2,cricket,55,<num_years>
What year did Joel Makin reach his highest ranking?,2021,squash,107,yyyy
What year did Joel Makin turn professional?,2014,squash,107,yyyy
How many more years until the next IBSF World Championships?,2,sports event,203,<num_years>
How many more years was Arnaldo Schulz a leader or commander than Filipe Samuel Magaia?,2,proxy war,1000,<num_years>
How long in months did the 2002 Atlantic hurricane season last?,3,cyclone,1090,<num_months>
How many more years was Rhodesia a belligerent than FROLIZI?,13,proxy war,1001,<num_years>
How many more years was Valverde with the Puente Tocinos team than with Illes Balears–Banesto?,4,cycling,99,<num_years>
How many total years did Gino Bartali ride for professional teams?,19,cycling,102,<num_years>
How many total years did Kimi Räikkönen compete?,17,f1,344,<num_years>
How many total years did Yamamoto play in his senior career?,17,boxing,484,<num_years>
How many total years was Michael Schumacher active in his career?,17,f1,345,<num_years>
What year did Paul Coll win a silver medal at the Commonwealth Games?,2018,squash,109,yyyy
In what year did Paul Coll receive his first silver medal?,2018,squash,109,yyyy
How many years after achieving his highest rank did Kaiō Hiroyuki retire?,11,sumo,145,<num_years>
In what year did Paul Coll first win a gold medal in the World Doubles Championships?,2016,squash,109,yyyy
In what year did Paul Coll win his first bronze medal?,2016,squash,109,yyyy
How many years after Barisan Nasional was first part of the United Sabah Party did Gabungan Rakyat Sabah become regional allies of the United Sabah Party?,35,political party,184,<num_years>
How many years after being founded as Birlik was the political party founded as Ada?,7,political party,932,<num_years>
What year did Paul Coll achieve his highest ranking?,2022,squash,109,yyyy
How many years after being laid down did HMS Somerset launch?,2,ship,224,<num_years>
How many years after being laid down was the HMS Astute launched?,6,ship,1114,<num_years>
How many years after being laid down was the HMS Victory launched?,7,ship,1115,<num_years>
How many years after being laid down was the I-179 completed?,2,ship,1112,<num_years>
How long after the Tonnerre was ordered was it commissioned?,14,ship,1110,<num_years>
How many years after being launched did HMS Victory fight at Cape Spartel?,17,ship,1115,<num_years>
How many years after being launched was the Maori Underway completed?,1,ship,1111,<num_years>
How many years after being ordered did it take for the HMS Astute to be put into service?,17,ship,1114,<num_years>
How many years after being ordered was HMS Victory launched?,7,ship,1115,<num_years>
How many years after being ordered was the HMS Astute laid down?,4,ship,1114,<num_years>
How many years after being refounded was it dissolved?,2,political party,932,<num_years>
How many years after Button's Formula One career began did he have his first win?,6,f1,259,<num_years>
How many years after Button's last win did he end his Formula One career?,5,f1,259,<num_years>
How many years after Chiyonofuji Mitsugu's debut did he die?,46,sumo,131,<num_years>
How many years after Copenhagen were the IBF World Championships in Calgary?,2,sports event,1030,<num_years>
How many years after debuting did Haguroyama Masaji retire?,19,sumo,137,<num_years>
How many years after Dhyan Chand joined the military did his hockey career begin?,4,hockey,524,<num_years>
In what year did Futabayama Sadaji make his debut?,1927,sumo,134,yyyy
How many years after Dhyan Chand's hockey career ended did his military career end?,7,hockey,524,<num_years>
How many years after Don Bradman's last Test was his death?,52,cricket,527,<num_years>
How many years after FAT was GUNT an Anti-Libyan Chadian faction?,7,proxy war,975,<num_years>
How many years after Gagan Ajit Singh began playing for the national team did he win a medal at Hobart?,4,hockey,486,<num_years>
How many years after going pro did Mohamed El Shorbagy become ranked number one in the world?,8,squash,108,<num_years>
How many years after his debut did Aminishiki Ryūji achieve the rank of Sekiwake?,10,sumo,180,<num_years>
How many years after his debut did Futabayama Sadaji retire?,18,sumo,134,<num_years>
How many years after his debut did Kaiō Hiroyuki retire?,23,sumo,145,<num_years>
How many years after his debut in 1970 did Chiyonofuji achieve his highest rank?,11,sumo,131,<num_years>
How many years after his first year with Bloomfield did Jayasuriya play for the Khulna Royal Bengals?,18,cricket,56,<num_years>
How many years after his last Test did Bradman die?,53,cricket,527,<num_years>
How many years after his retirement did Futabayama Sadaji die?,23,sumo,134,<num_years>
How many years after HMS Argyll was ordered was it launched?,2,ship,223,<num_years>
How many years after HMS Montrose was ordered in 2005 was it launched?,4,ship,222,<num_years>
How many years after HMS Montrose was ordered was it launched?,4,ship,222,<num_years>
How many years after HMS Victory was commissioned did it fight in the Battle of Trafalgar?,27,ship,1115,<num_years>
How many years after HMS Victory was ordered did it participate in the Battle of Cape Spartel?,24,ship,1115,<num_years>
What year did Harumafuji Kōhei attain his highest ranking?,2012,sumo,139,yyyy
How many years after its first battle did HMS Victory fight at Trafalgar?,27,ship,1115,<num_years>
How many years after its founding did the Australian Defence Force take on its current form?,75,army,1116,<num_years>
How long in months did the 2005 Atlantic hurricane season last?,7,cyclone,1091,<num_months>
How many years after its founding did the newspaper Borba start for the League of Communists of Yugoslavia?,3,political party,185,<num_years>
How many years after its initial founding as Birlik was Adal dissolved?,9,political party,932,<num_years>
How many years after its launch did Portsmouth participate in the Battle of Cape Spartel?,17,ship,1115,<num_years>
How many months after being laid down was HMS Argyll commissioned?,50,ship,223,<num_months>
How many years after its registering was the modern party founded?,5,political party,182,<num_years>
How many years after Jakarta were the IBF World Championships in Copenhagen?,3,sports event,1030,<num_years>
How many years after joining the international team did Brian Lara join the domestic Warwickshire team?,4,cricket,528,<num_years>
How many years after Kimi Räikkönen's debut did he achieve his first win?,2,f1,344,<num_years>
How long did Dhanraj Pillay play for Selangor HA?,3,hockey,485,<num_years>
How many years after Patrese's first Formula One entry was his last win?,15,f1,261,<num_years>
How many years after playing for Kyoto Purple Sanga did Yamamoto play for Ococias Kyoto AC?,17,boxing,484,<num_years>
What year did Kitanoumi Toshimitsu achieve his highest rank?,1974,sumo,148,yyyy
How many years after sinking was the I-179 salvaged?,14,ship,1112,<num_years>
How many months after being launched was HMS Astute commissioned?,38,ship,1114,<num_months>
How many years after the 2019 event in South Korea did the World Aquatics Championships occur again?,3,sports event,1032,<num_years>
How many years after the Australian Defence Force was formed did it take its current form?,75,army,1116,<num_years>
How many years after the beginning of the war did the Sudanese Armed Forces reach their greatest strength?,16,proxy war,982,<num_years>
How many years after the beginning the war did the Soviet Union end its non-combat aid?,3,proxy war,981,<num_years>
How many years after the discovery of Neptune is the time of perihelion?,196,planet,1138,<num_years>
How many years after the founding of the Japan Self-Defense Forces did the 1999 East Timorese crisis occur?,45,army,1120,<num_years>
How many years after the founding of the League of Communists of Yugoslavia did its newspaper begin?,3,political party,185,<num_years>
How many years after the founding of the Republic of Korea Armed Forces was the Vietnam War?,17,army,1121,<num_years>
How many years after the HMS Astute was ordered was the picture taken?,15,ship,1114,<num_years>
How many months after being ordered was HMS Victory laid down?,12,ship,1115,<num_months>
How many years after the I-179 was laid down was it completed?,2,ship,1112,<num_years>
How many years after the I-179 was stricken was it scrapped?,13,ship,1112,<num_years>
How many years after the insurgency began did Russia cease being a belligerent?,14,proxy war,987,<num_years>
How many years after the Islamic Coalition was the party dissolved?,8,political party,930,<num_years>
How many years after the Islamic Republican Party was formed did it become part of the Grand Coalition?,1,political party,930,<num_years>
How long did Riccardo Gabriele Patrese compete?,16,f1,261,<num_years>
How many years after the Islamic Republican Party was formed was it dissolved?,8,political party,930,<num_years>
How many months after being ordered was the Maori laid down?,4,ship,1111,<num_months>
How many years after the Islamic Republican Party was founded did the Grand Coalition become the national affiliation?,1,political party,930,<num_years>
How many years after the Islamic Republican Party was founded was the Grand Coalition the national affiliation?,1,political party,930,<num_years>
"How many years after the Königssee, Germany, IBSF World Championship did another contest take place?",2,sports event,203,<num_years>
How many years after the last year of Cominform affiliation was the League of Communists of Yugoslavia dissolved?,42,political party,185,<num_years>
How many years after the Malayan Emergency began did Clement Attlee become a leader?,3,proxy war,997,<num_years>
How many years after the operation of Fatah began did Syria become an ally?,5,terrorist orgnization,711,<num_years>
How many years after the operation of Fatah ended did Iraq remain an ally?,5,terrorist orgnization,711,<num_years>
How many years after the ordering of HMS Argyll was it launched?,3,ship,223,<num_years>
How many years after the party was founded did Bloc of Communists and Non-Partisans become the national affiliation?,18,political party,933,<num_years>
How many years after the start of the insurgency did Vietnam begin its support for Laos?,1,proxy war,987,<num_years>
How long in days did the 2022 Atlantic hurricane season last?,94,cyclone,1090,<num_days>
How many years after the start of the war did the United States become a belligerent?,4,proxy war,978,<num_years>
What year did the United Sabah Party split from the Sabah People's United Front?,1985,political party,184,yyyy
How many years after the war started did Francisco da Costa Gomes become a leader or commander?,9,proxy war,1000,<num_years>
How many years after the Women's 70 kg event at the 2021 European Judo Championships was Sofia the venue of the European Judo Championships?,1,sports event,200,<num_years>
How many years after the Years of Lead began did the Bologna massacre occur?,12,proxy war,1020,<num_years>
How many years after the Yugoslav Partisans ended was the League of Communists of Yugoslavia dissolved?,45,political party,185,<num_years>
How many years after turning pro did Farag achieve his highest ranking?,13,squash,106,<num_years>
How many years after turning pro did Paul Coll achieve his highest ranking?,12,squash,109,<num_years>
How many years after turning pro did Tarek Momen achieve his highest ranking?,14,squash,110,<num_years>
How many days after being launched was the sister ship I-176 sunk in 1942?,363,ship,1112,<num_days>
How many years after Younis played for Allied Bank Limited was the picture taken?,11,cricket,55,<num_years>
"How long in minutes is the sidereal rotation period of Mars, rounded to the nearest integer?",1477,planet,1137,<num_minutes>
How many days after December 25 does the Armenian Evangelical Church observe Christmas?,12,holiday,211,<num_days>
How many days after Dhanteras is Govardhan Puja?,3,holiday,216,<num_days>
How many years ago did Chiyonofuji die?,6,sumo,131,<num_years>
How many days after Dhanteras/Yama Deepam is Bhai Dooj/Vishwakarma Puja?,4,holiday,216,<num_days>
How many years ago did Haguroyama Masaji start his career?,88,sumo,137,<num_years>
How many years ago did Harumafuji Kōhei debut as a Sumo Wrestler?,21,sumo,139,<num_years>
How many years ago did Jacques Anquetil die?,35,cycling,636,<num_years>
How many years ago did Jenson Button last win the Brazilian Grand Prix in the Formula One World Championship?,10,f1,0,<num_years>
How many days after Dhanteras/Yama Deepam is Govardhan Puja/Balipratipada/Gujarati New Year?,3,holiday,216,<num_days>
How many decades separate the commissioning of HMS Montrose from its refit?,2,ship,222,<num_decades>
How many hours does Purim last?,24,holiday,206,<num_hours>
How many hours is NDT behind Coordinated Universal Time (UTC)?,2.5,time zone,35,<num_minutes>
How many minutes were the maximum winds of Hurricane Wilma sustained?,1,cyclone,1091,<num_minutes>
How many months after his 27th birthday did Makin achieve his highest rank?,2,squash,107,<num_months>
How many days after formation did Hurricane Ivan reach peak intensity?,11,cyclone,958,<num_days>
How many more days were there between the Western and Eastern Easter dates in 2024 compared to 2022?,28,holiday,217,<num_days>
How many more months is the ExoMars mission planned to last?,9,orbitor,461,<num_months>
How many days after forming did it take for Hurricane Gaston to dissipate?,7,cyclone,957,<num_days>
How many Neptunian solar days are there in one Neptunian orbital period?,89666,planet,1138,<num_days>
How many months after his 28th birthday did Harumafuji Kōhei achieve the rank of Yokozuna?,5,sumo,139,<num_months>
How many days after launch did the ExoMars perform orbital insertion?,219,orbitor,461,<num_days>
How many days after New Year's Eve was Marguerite Martyn's sketch of a New Year's Eve celebration published?,4,holiday,210,<num_days>
In what year does Yom Kippur occur the latest?,2024,holiday,208,yyyy
In what year does Yom Kippur occur the earliest?,2021,holiday,208,yyyy
How much longer did Kapil Dev play for Haryana than for Worcestershire?,6,cricket,52,<num_days>
"How much longer in days is Neptune's orbital period than its synodic period, rounded to the nearest integer?",59828,planet,1138,<num_days>
How many days after the 2022 celebration ended did the 2023 celebration begin?,354,holiday,206,<num_days>
How many days after the anniversary of Madan Lal's first Test did he play his last Test?,13,cricket,53,<num_days>
How much longer in days is the time between the Western and Eastern dates in 2021 than in 2023?,21,holiday,212,<num_days>
On what date is the next New Year's Eve?,"December 31, 2022",holiday,210,"%B %d, %Y"
How many days after the heats and semifinals did the finals occur?,1,sports event,1032,<num_days>
How many days after the Islamic Republican Party was dissolved?,3026,political party,930,<num_days>
How many days apart do the Armenian Patriarchate of Jerusalem (non-O.S.) and the Armenian Apostolic Church celebrate Christmas?,13,holiday,211,<num_days>
How many days apart were the National Election Days of 2021 and 2022?,6,holiday,209,<num_days>
How many days apart were the Western and Eastern Easter dates in 2021?,28,holiday,217,<num_days>
How many days are there between Halloween and Christmas for those who observe them?,55,holiday,213,<num_days>
How old does one have to be to serve in the Federal Defence Forces of Germany?,17,army,1118,<num_years>
"If it's 4 p.m. in Los Angeles, California, what time is it in Chicago, Illinois?",6 p.m.,time zone,34,H %p
How many years ago did Kaiō Hiroyuki first debut in sumo wrestling?,34,sumo,145,<num_years>
"If the first report of the White House COVID-19 outbreak had occurred a month later than it actually did, on what date would it have occurred?","November 1, 2020",disease,1205,"%B %d, %Y"
How many days are there between the Christmas celebration of Western Christianity and the most common Oriental Orthodox celebration date?,13,holiday,211,<num_days>
In how many months will the Arab Socialist Ba'ath Party celebrate its 76th anniversary?,4,political party,183,<num_months>
In what month and year did Aminishiki Ryūji have his first official fight?,January 1997,sumo,180,%B %Y
How many days are there between the dates of National Election Day in 2023 and 2024?,2,holiday,209,<num_days>
On what date will Thanksgiving be in 2024?,"November 28, 2024",holiday,214,"%B %d, %Y"
On what date was Thanksgiving in 2021?,"November 25, 2021",holiday,214,"%B %d, %Y"
On what date will Thanksgiving be in 2023?,"November 23, 2023",holiday,214,"%B %d, %Y"
In what month and year did Kaiō Hiroyuki achieve his highest rank in sumo wrestling?,September 2000,sumo,145,%B %Y
In what month and year did Tarek Momen achieve his highest ranking?,February 2019,squash,110,%B %Y
In which year between 2021 and 2024 was the Western Easter date the earliest?,2024,holiday,217,yyyy
In which year does Hanukkah occur earliest in the year?,2021,holiday,207,yyyy
In which year does Hanukkah occur latest in the year?,2024,holiday,207,yyyy
On what month and day was the 16th of Tishrei celebrated in 2022?,October 10,holiday,219,%B %d
How many days are there from Christmas to New Year's Eve?,6,holiday,210,<num_days>
How many days before celebrating Christmas did Anna Tunnicliffe win the gold?,9,sports event,201,<num_days>
On what month and day will Good Friday be observed in 2024 in the Eastern Hemisphere?,May 3,holiday,212,%B %d
On which date did Hurricane Ivan reach peak intensity in the Yucatán Channel?,"September 13, 2004",cyclone,958,"%B %d, %Y"
How many days before D-Day was the I-179 sunk?,328,ship,1112,<num_days>
How many days before the finals were the semifinals?,1,sports event,1032,<num_days>
How many days did Hurricane Ivan last as a storm?,23,cyclone,958,<num_days>
"Other than in 2022, in what year are the Western and Eastern Easter dates one week apart?",2023,holiday,217,yyyy
How many years ago did Kitanoumi Toshimitsu retire?,37,sumo,148,<num_years>
How many days did Mardi Gras last in 2022?,1,holiday,218,<num_days>
Over how many months did Hurricane Gaston exist?,2,cyclone,957,<num_months>
How many days did the 2021 European Judo Championships last?,1,sports event,200,<num_days>
"Since its inception, what is the longest number of years the Israel Defense Forces have gone without a major military operation?",11,army,1119,<num_years>
How many days did the Women's 63 kg event at the 2021 African Judo Championships last?,1,sports event,199,<num_days>
In what year will Mardi Gras occur latest in the year?,2022,holiday,218,yyyy
How many days does Sukkot last?,6,holiday,219,<num_days>
In what year will Mardi Gras happen earliest in the year?,2024,holiday,218,yyyy
What date did Mother's Day fall on in 2021?,"May 9, 2021",holiday,215,"%B %d, %Y"
What date did Thanksgiving fall on in 2021?,"November 25, 2021",holiday,214,"%B %d, %Y"
What date is the Gujarati New Year in 2022?,"October 24, 2022",holiday,216,"%B %d, %Y"
What date is the second Tuesday after the first Monday of November in 2023?,"November 14, 2023",holiday,209,"%B %d, %Y"
How many days earlier was the heat from the final in the women's 100 metre breaststroke at the 2016 FINA World Swimming Championships?,1,sports event,1031,<num_days>
What date is the third Sunday of May in 2022?,"May 15, 2022",holiday,215,"%B %d, %Y"
What date was National Election Day celebrated in 2018?,"November 6, 2018",holiday,209,"%B %d, %Y"
How many years ago did Sebastian Vettel last win?,3,f1,262,<num_years>
How many years ago did Sebastian Vettel last win?,35,f1,262,<num_years>
How many years ago did Shaun Pollock play his last T20I?,14,cricket,54,<num_years>
How many months after launch was the Mars orbiter insertion for ExoMars?,7,orbitor,461,<num_months>
How many months after the 2022 celebration is the 2024 celebration?,24,holiday,206,<num_months>
How many years ago did the Federal Defence Forces of Germany take on its current form?,32,army,1118,<num_years>
How many years ago did the Insurgency in Laos start?,47,proxy war,987,<num_years>
What date was the first Monday in November in 2018?,"November 5, 2018",holiday,209,"%B %d, %Y"
How many years ago did the Liberation Tigers of Tamil Eelam start?,46,terrorist orgnization,712,<num_years>
How many years ago did Viv Richards make his ODI debut?,47,cricket,57,<num_years>
How many years ago did Waqar Younis play his last ODI?,19,cricket,55,<num_years>
How many years ago was HMS Montrose ordered?,34,ship,222,<num_years>
How many months after the order was the Tonnerre laid down?,5,ship,1110,<num_months>
How many years ago was Mohamed El Shorbagy ranked as World No. 1?,8,squash,108,<num_years>
How many years ago was the 2002 Atlantic hurricane season?,20,cyclone,1090,<num_years>
How many months after the ordering of HMS Somerset was it laid down?,9,ship,224,<num_months>
How many years ago was the Communist Party of the Soviet Union banned?,31,political party,933,<num_years>
How many years ago was the Federal Defence Forces of Germany founded?,67,army,1118,<num_years>
How many years ago was the Indian National Congress established?,136,political party,931,<num_years>
How many years ago was the Indian National Congress founded?,137,political party,931,<num_years>
How many years ago was the Islamic Republican Party founded?,43,political party,930,<num_years>
How many years ago was the Israel Defense Forces founded?,74,army,1119,<num_years>
How many years ago was the Japan Self-Defense Forces founded?,68,army,1120,<num_years>
What year did Fernando Alonso enter the Australian Grand Prix?,2001,f1,258,yyyy
What date will Thanksgiving fall on in 2023?,"November 23, 2023",holiday,214,"%B %d, %Y"
What hurricane season did Hurricane Gaston form?,2004,cyclone,957,yyyy
How many years ago was the last IBSF World Championships?,1,sports event,203,<num_years>
How many years ago was the sister ship I-176 salvaged and scrapped?,65,ship,1112,<num_years>
What year did Jenson Button win his first championship?,2009,f1,259,yyyy
How many years ago was the United States Armed Forces formed?,247,army,1123,<num_years>
How many years ago were the Liberation Tigers of Tamil Eelam defeated?,13,terrorist orgnization,712,<num_years>
How many years are between Jacques Anquetil's first and last medal wins?,14,cycling,636,<num_years>
How many years are between Madan Lal's last Test and his ODI debut?,12,cricket,53,<num_years>
How many years are between Makin's current rank and when he won bronze at the World Team Championships?,3,squash,107,<num_years>
How many years are there between Barrichello's best finish in his Stock Car Brasil career and his best finish in his IndyCar Series career?,2,f1,51,<num_years>
In what year was Jenson Button's last entry in the Formula One World Championship?,2017,f1,259,yyyy
In what year did Jenson Button make his first entry in the Formula One World Championship?,2000,f1,259,yyyy
How many years are there between Barrichello's last win and his last entry into a Grand Prix for Formula One?,2,f1,51,<num_years>
How many years are there between Farag winning gold at the Cairo World Championships and at the Marseille World Team Championships?,4,squash,106,<num_years>
What is the average number of months are soldiers conscripted to the Republic of Korea Armed Forces across all branches?,20,army,1121,<num_months>
How many years are there between Rubens Barrichello's first and last win in Formula One?,9,f1,51,<num_years>
How many years before achieving his highest ranking did Paul Coll win gold at the Manchester World Doubles Championships?,5,squash,109,<num_years>
How many years before he retired did Daisuke Shiga achieve his highest rank?,5,sumo,169,<num_years>
How many years before his career ended was Patrese's first win?,11,f1,261,<num_years>
How many years before his death did Obata retire?,30,sumo,148,<num_years>
How many years before his death did Raymond Poulidor win the silver medal for France?,45,cycling,104,<num_years>
How many years before Kapil Dev's last ODI did he start playing for Worcestershire?,10,cricket,52,<num_years>
How many years before Singh played for HC Klein Zwitserland did he play for the Indian national team?,8,hockey,486,<num_years>
What is the average of the minimum and maximum military age in the Republic of Korea Armed Forces?,23,army,1121,<num_years>
How many years before the 2019 World Aquatics Championships did the previous World Aquatics Championships occur?,2,sports event,1032,<num_years>
In what year did Riccardo Gabriele Patrese compete in the Japanese Grand Prix?,1992,f1,261,yyyy
How many years before the commissioning of HMS Argyll was it laid down?,4,ship,223,<num_years>
How many years before the end of the emergency did Southern Rhodesia cease being a belligerent?,7,proxy war,997,<num_years>
How many years before the end of the war did DR Sudan end its support?,2,proxy war,975,<num_years>
How many years before the end of the war was the Third Liberation Army formed?,11,proxy war,974,<num_years>
How many years before the Königssee bobsleigh Two-man at the IBSF World Championships was a similar contest held?,1,sports event,203,<num_years>
How many years before the war began did Abdul Karim Qasim become a leader?,3,proxy war,981,<num_years>
How many years before the war ended did Southern Rhodesia cease being a belligerent?,14,proxy war,1001,<num_years>
How many years before the war ended did the Republic of the Congo stop being a belligerent?,2,proxy war,978,<num_years>
How many years before the war ended did the Republic of the Sudan stop being a belligerent?,3,proxy war,982,<num_years>
How many years before Zoetemelk first won the Paris–Nice stage race did he win gold at the Olympics?,6,cycling,103,<num_years>
How many years did Brian Lara play for Team Trinidad and Tobago?,21,cricket,528,<num_years>
How many years did Chiyonofuji Mitsugu compete?,21,sumo,131,<num_years>
How many years did Dhyan Chand serve in the army?,34,hockey,524,<num_years>
How many years did Don Bradman play for the national side?,20,cricket,527,<num_years>
What year did Kimi Räikkönen marry Jenni Dahlman?,2004,f1,344,yyyy
How many years did DR Sudan support the Chadian–Libyan conflict?,7,proxy war,975,<num_years>
How many years did Harumafuji Kōhei compete before retiring in 2017?,16,sumo,139,<num_years>
How many years did it take for HMS Somerset to be commissioned after being ordered?,4,ship,224,<num_years>
How many years did it take for HMS Somerset to be commissioned after its launch?,2,ship,224,<num_years>
How many years did it take for HMS Victory to be launched after being laid down?,6,ship,1115,<num_years>
How many years did it take for Rubens Barrichello to get his first win in Formula One?,7,f1,51,<num_years>
How many years did it take for the Ba'ath Brigades to become the paramilitary wing of the Arab Socialist Ba'ath Party – Syria Region?,6,political party,183,<num_years>
What year did Michael Schumacher win his first championship?,1994,f1,345,yyyy
How many days elapsed between the first reported COVID-19 case and the first hospitalization?,14,disease,1205,<num_days>
How many months after turning 28 did Kaiō Hiroyuki achieve Ōzeki?,2,sumo,145,<num_months>
What is the current time in the Newfoundland Time Zone?,11:26 p.m.,time zone,35,H:MM %p
How many months ago did COVID-19 arrive in Johor?,35,disease,1204,<num_months>
What is the difference in days between Black Friday in 2024 and 2022?,4,holiday,214,<num_days>
How many years did it take for the Citizen Revolution Movement to be registered after its founding?,6,political party,182,<num_years>
How many years did it take for the HMS Astute to be ordered and then launched?,10,ship,1114,<num_years>
How many years did it take from the founding of the party until it was formally registered?,6,political party,182,<num_years>
How many years did it take Jenson Button to win his second championship?,9,f1,0,<num_years>
What year did Shohei Yamamoto begin playing for Mito Hollyhock?,2002,boxing,484,yyyy
How many years did it take the Saudi Arabian Armed Forces to assume their current form after their founding?,198,army,1122,<num_years>
"What is the difference of the rotation period between Mars and Earth in minutes, rounded to the nearest integer?",40,planet,1137,<num_minutes>
How many years did it take the Saudi Arabian Armed Forces to deploy personnel to Yemen after deploying to Bahrain?,4,army,1122,<num_years>
How many years did it take to build HMS Somerset?,2,ship,224,<num_years>
How many years did Jenson Button race?,17,f1,259,<num_years>
How many years did Neo Hom support belligerents in the Insurgency in Laos?,26,proxy war,987,<num_years>
How many years did Pau Quemada play for Real Club de Polo?,2,hockey,41,<num_years>
How many years did Pau Quemada play in the senior division?,16,hockey,41,<num_years>
How many years did Sachin Tendulkar play for the national side?,24,cricket,526,<num_years>
What is the difference of the synodic period between Mars and Earth in years?,1.135,planet,1137,<num_years>
How many years did the Chadian Civil War last?,14,proxy war,974,<num_years>
How many years did the Chadian Civil War last?,14,proxy war,974,<num_years>
How many years did the civil war in Chad last?,14,proxy war,974,<num_years>
How many years did the Defence Force last before its current form?,35,army,1118,<num_years>
"How many years did the First Lebanon War, starting in 1982, last?",3,army,1119,<num_years>
In what year did Singh win the most gold medals in international competition?,2001,hockey,486,yyyy
How many years did the First Sudanese Civil War last?,16,proxy war,982,<num_years>
How many years did the Second Liberation Army exist?,8,proxy war,974,<num_years>
How many years did the Tonnerre sail before it was burned down?,1,ship,1110,<num_years>
How many years did Tochiazuma Daisuke wrestle?,13,sumo,169,<num_years>
How many years did Viv Richards play for the West Indies?,17,cricket,57,<num_years>
How many years elapsed between Merckx's first General Classification win and his last Combination Classification win at the Tour de France?,5,cycling,635,<num_years>
How many years elapsed between the laying down and the launching of the Tonnerre?,14,ship,1110,<num_years>
How many years elapsed from when Dhanraj Pillay won his first medal in Kuala Lumpur to his last in Kuala Lumpur?,4,hockey,485,<num_years>
How many years had Adal been known as Birlik before it changed its name in 2020?,7,political party,932,<num_years>
How many years had it been since the creation of the Israel Defense Forces before the Sinai War?,8,army,1119,<num_years>
How many years had the Chadian Civil War been ongoing when Félix Malloum was overthrown in 1979?,14,proxy war,974,<num_years>
How many years had the Chadian Civil War been ongoing when François Tombalbaye was overthrown and killed in 1975?,10,proxy war,974,<num_years>
How many years had the New Order been fighting when the National Vanguard joined?,3,proxy war,1020,<num_years>
How many years has HMS Astute been in service in the UK Navy?,8,ship,1114,<num_years>
How many years has HMS Astute been in service with the UK Navy?,26,ship,224,<num_years>
How many years has it been since Paul Coll last received a bronze medal in any competition?,4,squash,109,<num_years>
How many years has it been since the First Sudanese Civil War began?,67,proxy war,982,<num_years>
How many years has it been since the Insurgency in Laos?,47,proxy war,987,<num_years>
How many years has Pau Quemada been playing in his senior career?,17,hockey,41,<num_years>
How many years has the Australian Defence Force been in its current form?,46,army,1116,<num_years>
How many years have passed since the First Sudanese Civil War ended?,50,proxy war,982,<num_years>
How many years into his career did Tochiazuma Daisuke achieve his highest rank?,8,sumo,169,<num_years>
How many years is one eligible for enlistment in the Japan Self-Defense Forces?,14,army,1120,<num_years>
How many years longer did the People's Front national affiliation last than the Cominform international affiliation?,8,political party,185,<num_years>
How many years longer has the Arab Socialist Ba'ath Party existed than its paramilitary wing?,69,political party,183,<num_years>
How many years longer was GUNT part of the Pro-Libyan Chadian faction than Codos?,4,proxy war,975,<num_years>
What year did Brian Lara join Team Transvaal?,1992,cricket,528,yyyy
How many years longer was Katanga a belligerent than Kwilu and Simba rebels?,2,proxy war,978,<num_years>
How many years longer was Neo Hom a belligerent than the Party of Democratic Kampuchea?,17,proxy war,987,<num_years>
How many years longer was the command of Abdul Salam Arif than Abdul Rahman Arif's?,1,proxy war,981,<num_years>
How many years longer were the Red Brigades belligerents than the Workers' Autonomy?,12,proxy war,1020,<num_years>
How many years must you wait from the earliest you can serve to being eligible for special forces?,2,army,1116,<num_years>
How many years old is the Ba'ath Party?,75,political party,183,<num_years>
How many years old was the Communist Party of the Soviet Union when it became affiliated with Comintern?,1,political party,933,<num_years>
How many years old was the Communist Party of the Soviet Union when it had over 19 million members?,71,political party,933,<num_years>
What year did Eddy Merckx win his first gold at the World Championships?,1964,cycling,635,yyyy
How many years old was the Communist Party of the Soviet Union when it stopped being affiliated with Cominform?,38,political party,933,<num_years>
What year did Eddy Merckx go professional?,1965,cycling,635,yyyy
How many years older is the highest military age compared to the youngest in the Republic of Korea Armed Forces?,10,army,1121,<num_years>
How many years passed between Riccardo Gabriele Patrese's first and last entries?,16,f1,261,<num_years>
What year did Jacques Anquetil begin riding professionally?,1953,cycling,636,yyyy
How many years passed between Riccardo Gabriele Patrese's first and last wins?,10,f1,261,<num_years>
How many years passed between Richard's ODI debut and his last year playing for Somerset?,11,cricket,57,<num_years>
How many years passed between Sebastian Vettel's first and last entries?,15,f1,262,<num_years>
How many years passed between the HMS Montrose being ordered and commissioned?,6,ship,222,<num_years>
What year did Roger De Vlaeminck win the gold medal at the World Championships?,1975,cycling,637,yyyy
How many years passed between the laying down and the launch of the Tonnerre?,14,ship,1110,<num_years>
How many years passed from the ordering to the launching of HMS Montrose?,4,ship,222,<num_years>
How many years separate Pau Quemada's start at Leuven from the beginning of his current team membership?,15,hockey,41,<num_years>
In which year did Roger De Vlaeminck win a silver medal in the World Championships?,1975,cycling,637,yyyy
How many years separate Sean Kelly's first and last World Championship appearances?,7,cycling,105,<num_years>
What is the first year after 2005 with at least 31 total depressions?,2020,cyclone,1091,yyyy
How many years separate the founding and the current form of the Saudi Arabian Armed Forces?,198,army,1122,<num_years>
What is the first year after 2005 with at least 31 total depressions?,2020,cyclone,1091,yyyy
How many years separated the two gold medals that Joop Zoetemelk won in his career?,17,cycling,103,<num_years>
In what year did Lombi win the most gold medals?,2007,hockey,680,yyyy
How many years was Ahmed Hassan al-Bakr a leader and commander of Ba'athist Iraq?,1,proxy war,981,<num_years>
How many years was Aminishiki Ryūji active in his career before retiring in 2019?,22,sumo,180,<num_years>
How many years was Aminishiki Ryūji involved in sumo before retiring?,22,sumo,180,<num_years>
In what year did Jorge Lombi win a silver medal at the Pan American Games?,1999,hockey,680,yyyy
In what year was his first medal?,2005,hockey,686,yyyy
In which year did Luke Doerner compete in the Olympic Games?,2008,hockey,686,yyyy
What year did Luke Doerner win gold at the World Cup?,2010,hockey,686,yyyy
How many years was Codos involved in the Chadian-Libyan conflict?,3,proxy war,975,<num_years>
How many years was Futabayama Sadaji actively involved in his sport?,18,sumo,134,<num_years>
How many years was Haguroyama Masaji's sumo career?,19,sumo,137,<num_years>
How many years was Jenson Button active?,17,f1,259,<num_years>
How many years was Kitanoumi Toshimitsu a sumo wrestler?,18,sumo,148,<num_years>
How many years was Riccardo Gabriele Patrese active?,16,f1,261,<num_years>
How many years was Rubens Barrichello active in his career?,18,f1,51,<num_years>
How many years was the Comintern organization in Russia?,24,political party,933,<num_years>
How many years was the League of Communists of Yugoslavia active?,71,political party,185,<num_years>
How many days elapsed from arrival to the first report?,5,disease,1205,<num_days>
How many years was there between the founding of Birlik and the dissolution of Adal?,9,political party,932,<num_years>
How many years was Tochiazuma Daisuke a sumo wrestler?,13,sumo,169,<num_years>
How many years were between Coll winning gold at the Darwin World Doubles Championships and winning bronze at the Commonwealth Games?,2,squash,109,<num_years>
How many years were between Diaz's first win in the Formula One World Championships and his debut season in the FIA World Endurance Championship?,15,f1,258,<num_years>
How many years were between Harumafuji Kōhei's debut and his retirement?,16,sumo,139,<num_years>
How many years were between Lombi'''s gold medals in Alexandria and Mar del Plata?,10,hockey,680,<num_years>
How many years were between Pillay's gold medal at the Championship Challenge and his gold at the Asian Games?,3,hockey,485,<num_years>
How many years were between Räikkönen's first Formula One win and his first World Rally Championship rally?,6,f1,344,<num_years>
How many years were the Liberation Tigers of Tamil Eelam active in Sri Lanka?,33,terrorist orgnization,712,<num_years>
How many years were there between when HMS Argyll was ordered and commissioned?,5,ship,223,<num_years>
How many years will Claire Leroy Elodie Bertrand Riou have to wait to try to win gold?,2,sports event,201,<num_years>
How many months ago did Hurricane Ivan exist?,219,cyclone,958,<num_months>
How many years would someone who is 8 years old have to wait before serving in the Federal Defence Forces of Germany?,9,army,1118,<num_years>
How much longer in years did Pau Quemada play for Club Egara than for Laren?,4,hockey,41,<num_years>
How much longer in years did Pollock play for KwaZulu-Natal than for Warwickshire?,5,cricket,54,<num_years>
On what date was the Communist Party of the Soviet Union founded?,"March 8, 2018",political party,933,"%B %d, %Y"
How much longer in years did Yamamoto play for Kamatamare Sanuki compared to Mito HollyHock?,3,boxing,484,<num_years>
On what date did the Communist Party of the Soviet Union end?,"November 6, 1991",political party,933,"%B %d, %Y"
How much longer in years was Bloc of Communists and Non-Partisans the national affiliation than Cominform was the international affiliation?,45,political party,933,<num_years>
How much longer in years was Iraq an ally than Libya during the '70s?,4,terrorist orgnization,711,<num_years>
How much longer in years was Räikkönen active in Formula One than in the World Rally Championship?,15,f1,344,<num_years>
How many days is Diwali celebrated in 2022?,5,holiday,216,<num_days>
What is the minimum age for military service in Korea?,18,army,1121,<num_years>
What is the minimum age required to join the British Armed Forces in 2021?,16,army,1117,<num_years>
What is the minimum conscription length of the Israel Defense Forces in years?,2,army,1119,<num_years>
What year did Hurricane Gaston form?,2004,cyclone,957,yyyy
What is the number of years between the previous and next FINA World Swimming Championships?,4,sports event,1031,<num_years>
How many days is Hanukkah celebrated?,9,holiday,207,<num_days>
How many months ago did the Federal Defence Forces of Germany take on its current form?,386,army,1118,<num_months>
How many days is the Deepavali festival celebrated in October?,5,holiday,216,<num_days>
What is the orbital period of Neptune in years?,164.8,planet,1138,<num_years>
What is the time difference in hours between AST and ADT?,1,time zone,33,<num_hours>
How much longer in years was the LIFEX refit than the Major refit?,1,ship,223,<num_years>
How old was Ali Farag the year he reached the number one ranking?,30,squash,106,<num_years>
How old was Ali Farag the year he turned pro?,17,squash,106,<num_years>
How old was Ali Farag when he turned professional?,17,squash,106,<num_years>
How old was Ali Farag when he won his first team gold at the World Team Championships?,25,squash,106,<num_years>
How old was Aminishiki Ryūji during his debut?,19,sumo,180,<num_years>
How old was Aminishiki Ryūji when he achieved his highest rank?,28,sumo,180,<num_years>
How old was Aminishiki Ryūji when he made his debut?,18,sumo,180,<num_years>
How old was Aminishiki Ryūji when he retired?,41,sumo,180,<num_years>
How old was Barrichello when his Formula One career began?,21,f1,51,<num_years>
How old was Bradman during his Test debut?,20,cricket,527,<num_years>
How old was Brian Lara when he first played for Team Trinidad and Tobago?,18,cricket,528,<num_years>
How old was Brian Lara when he joined the West Indies international team?,21,cricket,528,<num_years>
How old was Button when he began his Formula One career?,20,f1,259,<num_years>
How old was Chiyonofuji Mitsugu when he achieved his highest ranking?,26,sumo,131,<num_years>
How old was Chiyonofuji Mitsugu when he made his debut?,15,sumo,131,<num_years>
How old was Chiyonofuji Mitsugu when he retired?,36,sumo,131,<num_years>
How old was Chris Ciriello during the 2012 London Olympics?,27,hockey,670,<num_years>
How old was Chris Ciriello when he married Heidi Ciriello?,25,hockey,670,<num_years>
How old was Daisuke Shiga in the year of his professional debut?,18,sumo,169,<num_years>
How old was Dhyan Chand when he won his final gold medal at the 1936 Olympic Games?,31,hockey,524,<num_years>
How old was Dhyan Chand when he won his first gold medal at the 1928 Olympics?,23,hockey,524,<num_years>
How old was Diaz in his first entry in his Formula One World Championship career?,20,f1,258,<num_years>
How old was Don Bradman during the year of his last international Test?,40,cricket,527,<num_years>
How old was Don Bradman when he made his first Test debut?,20,cricket,527,<num_years>
How old was Don Bradman when he made his international Test debut?,20,cricket,527,<num_years>
How old was Eddy Merckx when he joined his first professional team?,20,cycling,635,<num_years>
How old was Eddy Merckx when he started his professional career?,20,cycling,635,<num_years>
How old was Felice Gimondi when he won a silver medal at the UCI Road World Championships?,29,cycling,100,<num_years>
How old was Fernando Alonso in the year he had his first entry?,20,f1,258,<num_years>
How old was Fernando Alonso in the year he won the Spanish Grand Prix?,32,f1,258,<num_years>
How old was Francesco Moser when he rode for Sanson?,25,cycling,101,<num_years>
How old was Futabayama Sadaji when he achieved the rank of Yokozuna?,25,sumo,134,<num_years>
How old was Futabayama Sadaji when he made his debut?,15,sumo,134,<num_years>
How old was Futabayama Sadaji when he reached his highest rank?,25,sumo,134,<num_years>
How old was Futabayama Sadaji when he retired?,33,sumo,134,<num_years>
How old was Futabayama Sadaji when he retired?,33,sumo,134,<num_years>
How old was Gagan Ajit Singh when he began his senior career?,25,hockey,486,<num_years>
How old was Gino Bartali when he joined his first professional team?,21,cycling,102,<num_years>
How old was Gino Bartali when he rode for the Fréjus team?,21,cycling,102,<num_years>
How old was Haguroyama Masaji when he became a Yokozuna?,27,sumo,137,<num_years>
How old was Haguroyama Masaji when he debuted?,20,sumo,137,<num_years>
How old was Harumafuji Kōhei during his debut?,17,sumo,139,<num_years>
On what date did the 1983 IBF World Championships end?,"May 8, 1983",sports event,1030,"%B %d, %Y"
What is the time difference in hours between Florida and Colorado?,2,time zone,34,<num_hours>
How old was Harumafuji Kōhei when he made his debut?,17,sumo,139,<num_years>
How old was Harumafuji Kōhei when he retired from sumo in 2017?,33,sumo,139,<num_years>
How many days later did Mardi Gras start in 2022 compared to 2021?,13,holiday,218,<num_days>
How many days later did Yom Kippur start in 2022 compared to 2021?,19,holiday,208,<num_days>
What is the time difference in hours between MST and MDT?,1,time zone,34,<num_hours>
How many days pass between Western Christianity's observance of Christmas and the Armenian Patriarchate of Jerusalem's observance?,25,holiday,211,<num_days>
What is the time difference in hours between NST and NDT?,1,time zone,35,<num_hours>
How many days were between Dev's Test debut and his ODI debut?,15,cricket,52,<num_days>
How many days were there between the semifinals and finals at the 2019 World Aquatics Championships?,1,sports event,1032,<num_days>
How many days were there between the Western and Eastern Easter dates in 2022?,7,holiday,217,<num_days>
How many days would separate Western and Eastern holiday dates if they occurred in the same year?,3,holiday,212,<num_days>
On what date did the heats of the Women's 200 metre breaststroke take place at the 2019 World Aquatics Championships?,"July 25, 2019",sports event,1032,"%B %d, %Y"
On what date did the finals of the Women's 200 metre breaststroke take place at the 2019 World Aquatics Championships?,"July 26, 2019",sports event,1032,"%B %d, %Y"
How old was Jacques Anquetil the year he medaled in Helsinki?,18,cycling,636,<num_years>
How old was Jacques Anquetil when he began riding professionally?,19,cycling,636,<num_years>
Over how many days did the 1983 IBF World Championships take place?,7,sports event,1030,<num_days>
How many months ago did the first system form in 2005?,210,cyclone,1091,<num_months>
What is the time difference in hours between the Atlantic Time Zone and Florida?,1,time zone,33,<num_hours>
How many months ago did the last system dissipate in 2002?,242,cyclone,1090,<num_months>
How old was Jayasuriya when he started playing for Bloomfield?,25,cricket,56,<num_years>
What is the time difference in months between the fatality map and the confirmed cases map?,22,disease,1203,<num_months>
What is the year difference between the Prague and Sofia Judo Championships?,2,sports event,200,<num_years>
What month and day is one week before Halloween?,October 24,holiday,213,%B %d
How many months ago was 3 Tevet celebrated in 2021?,12,holiday,207,<num_months>
How many months ago was the Federal Defence Forces of Germany founded?,805,army,1118,<num_months>
What month and day was the 18th of Tishrei celebrated in 2021?,September 23,holiday,219,%B %d
What time is it in Florida if it's 8:40 in the Atlantic Time Zone?,7:40,time zone,33,H:MM
Over how many days did the 1995 Atlantic hurricane season last?,153,cyclone,1089,<num_days>
How many months ago was the Israel Defense Forces founded?,895,army,1119,<num_months>
How old was Jenson Button when he achieved his best finish in the 2018 Super GT GT500 Championship?,38,f1,0,<num_years>
What time is it in the Atlantic Time Zone if it's 10:00 in California?,2:00,time zone,33,H:MM
How old was Jenson Button when he began his professional career?,20,f1,0,<num_years>
What was Jenson Button's age when he won the Super GT GT500 Championship?,38,f1,0,<num_years>
How old was Jenson Button when he began his racing career?,20,f1,259,<num_years>
How many months ago were there 215263 confirmed cases?,14,disease,1204,<num_months>
On what date was the Maori Underway completed?,"November 30, 1938",ship,1111,"%B %d, %Y"
On what date was the Maori Underway launched?,"September 2, 1937",ship,1111,"%B %d, %Y"
Over how many days did the 2005 Atlantic hurricane season last?,213,cyclone,1091,<num_days>
How many months before his 14th birthday did Obata make his debut?,4,sumo,148,<num_months>
Over how many days did the Elliot 6m event at the 2011 ISAF Sailing World Championships last?,14,sports event,201,<num_days>
How old was Joel Makin when he won a bronze medal at the World Team Championships?,25,squash,107,<num_years>
On what date was the Maori Underway laid down?,"July 6, 1936",ship,1111,"%B %d, %Y"
How old was Joel Makin when he won a bronze medal?,25,squash,107,<num_years>
How old was Jorge Lombi when he won a Champions Challenge bronze medal?,30,hockey,680,<num_years>
How old was Jorge Lombi when he won at the 1995 Pan American Games?,24,hockey,680,<num_years>
How many months before his 31st birthday did Daisuke Shiga retire?,6,sumo,169,<num_months>
How old was Kaiō Hiroyuki during the year of his debut?,16,sumo,145,<num_years>
"Over how many days did the heats, semifinals, and finals of the women's 100 metre breaststroke last at the 2016 FINA World Swimming Championships?",2,sports event,1031,<num_days>
Over how many days did the Men's doubles at the 1983 IBF World Championships last?,7,sports event,1030,<num_days>
How old was Kaiō Hiroyuki when he made his debut?,16,sumo,145,<num_years>
How old was Kaiō Hiroyuki when he retired?,39,sumo,145,<num_years>
How old was Kimi Räikkönen when he started competing in 2001?,22,f1,344,<num_years>
How old was Kitanoumi Toshimitsu when he made his debut?,13,sumo,148,<num_years>
How old was Kitanoumi Toshimitsu when he made his debut?,14,sumo,148,<num_years>
How old was Kitanoumi Toshimitsu when he retired?,32,sumo,148,<num_years>
How old was Lombi when he won gold at the Pan American Games?,24,hockey,680,<num_years>
How many months before his 41st birthday did Aminishiki Ryūji retire?,3,sumo,180,<num_months>
How old was Michael Schumacher when he won his last championship in 2004?,35,f1,345,<num_years>
How old was Moser when he first rode for Famcucine–Campagnolo?,30,cycling,101,<num_years>
"What was the current time on June 28, 2022, according to AST?",8:40 a.m.,time zone,33,H:MM %p
How old was Patrese when his career began?,23,f1,261,<num_years>
How old was Pillay when he began his senior career?,24,hockey,485,<num_years>
How old was Pollock during his Test debut?,22,cricket,54,<num_years>
How old was Räikkönen when he began his Formula One career?,22,f1,344,<num_years>
How old was Riccardo Gabriele Patrese when he began his career?,23,f1,261,<num_years>
How many months did it take for HMS Montrose to be commissioned after its launch in 2005?,23,ship,222,<num_months>
How old was Roger De Vlaeminck when he won the Tour de France in 1970?,23,cycling,637,<num_years>
What was the first year Jenson Button was active?,2000,f1,259,yyyy
How old was Rubens Barrichello when he won his last Grand Prix?,37,f1,51,<num_years>
How old was Sachin Tendulkar when he joined team Mumbai?,15,cricket,526,<num_years>
"In what year did the Australian Defence Force's annual exports total around $2 billion while the active personnel reserve was at 59,095?",2019,army,1116,yyyy
How old was Sachin Tendulkar when he played his last one-day match?,39,cricket,526,<num_years>
How old was Sanath Jayasuriya when he made his Test debut in 1991?,22,cricket,56,<num_years>
How old was Sean Kelly when he joined his first professional team?,21,cycling,105,<num_years>
How old was Sebastian Vettel in the year he won his first championship?,23,f1,262,<num_years>
What was the first year that Joop Zoetemelk played professionally?,1970,cycling,103,yyyy
How old was Sebastian Vettel when he first entered the 2007 United States Grand Prix?,20,f1,262,<num_years>
How old was Sebastian Vettel when he won the Italian Grand Prix?,21,f1,262,<num_years>
How many months did the I-179 last after being completed?,13,ship,1112,<num_months>
How many months elapsed between the laying down and the launching of the Maori?,14,ship,1111,<num_months>
What was the last year Jorge Lombi won a gold medal at the Pan American Games?,2007,hockey,680,yyyy
How old was Sebastian Vettel when he won the United States Grand Prix?,20,f1,262,<num_years>
How old was Shaun Pollock when he made his ODI debut in 1996?,23,cricket,54,<num_years>
In what year would someone born in 2015 become eligible to serve in the Federal Defence Forces of Germany?,2032,army,1118,yyyy
What was the start date of the 1983 IBF World Championships?,"May 2, 1983",sports event,1030,"%B %d, %Y"
How old was Singh when he won gold in the Asia Cup?,23,hockey,486,<num_years>
What year had the most Atlantic hurricanes?,2005,cyclone,1091,yyyy
How old was Tarek Momen when he achieved his highest ranking?,31,squash,110,<num_years>
In what year would someone born in 2011 become eligible to serve in the Israel Defense Forces?,2028,army,1119,yyyy
How many months has the pandemic lasted?,21,disease,1204,<num_months>
How old was Tarek Momen when he reached his highest ranking in 2019?,31,squash,110,<num_years>
How old was Tarek Momen when he turned pro?,17,squash,110,<num_years>
What year is the ExoMars mission planned to end?,2023,orbitor,461,yyyy
How old was Tarek Momen when he turned pro?,17,squash,110,<num_years>
In what year would someone born in 2012 become eligible to enlist in the Japan Self-Defense Forces?,2030,army,1120,yyyy
How old was Tochiazuma Daisuke when he made his debut?,18,sumo,169,<num_years>
What year must one have been born by to serve this year in the Saudi Arabian Armed Forces?,2005,army,1122,yyyy
On what date was the Korean flag first used?,"August 15, 1948",army,1121,"%B %d, %Y"
What year was Fernando Alonso's last Grand Prix entry?,2022,f1,258,yyyy
How old was Tochiazuma Daisuke when he retired from sumo?,30,sumo,169,<num_years>
What year was Good Friday observed on April 2?,2021,holiday,212,yyyy
How many months longer is the conscription for the Air Force than for the Army?,4,army,1121,<num_months>
How old was Toshimitsu Obata when he became Yokozuna?,21,sumo,148,<num_years>
How old was Yamamoto when his youth career ended?,18,boxing,484,<num_years>
Over how many years did Shaun Pollock play for the Dolphins?,2,cricket,54,<num_years>
Over how many years have the Eastern and Western dates been 7 days apart?,2,holiday,212,<num_years>
Over how many years is the Western Easter date in April?,3,holiday,217,<num_years>
Over how many years was Dhyan Chand on a senior career team?,4,hockey,524,<num_years>
What year was HMS Victory commissioned?,1778,ship,1115,yyyy
Over how many years was Gino Bartali a part of the amateur team?,4,cycling,102,<num_years>
What year was HMS Victory launched?,1765,ship,1115,yyyy
What year was the Japan Self-Defense Forces founded?,1954,army,1120,yyyy
"What year was the worst Atlantic hurricane season, in terms of the number of hurricanes?",2005,cyclone,1091,yyyy
What year will Good Friday be observed on April 7?,2023,holiday,212,yyyy
When did the Tonnerre receive a name change?,1795,ship,1110,yyyy
When did Viv Richards start playing domestically?,1971,cricket,57,yyyy
When was the last year that Shohei Yamamoto played in the senior division?,2018,boxing,484,yyyy
Over how many years was Iraq an ally of Fatah – The Revolutionary Council?,17,terrorist orgnization,711,<num_years>
Which date was the 28 Kislev of Hanukkah celebrated in 2023?,"December 10, 2023",holiday,207,"%B %d, %Y"
Which date will the 20th of Tishrei be celebrated in 2023?,"October 4, 2023",holiday,219,"%B %d, %Y"
How many months passed between HMS Montrose being laid down and launched in 2005?,32,ship,222,<num_months>
How many months were between Waqar Younis's last Test and his last ODI?,2,cricket,55,<num_months>
How many months were left in the ExoMars mission as planned?,9,orbitor,461,<num_months>
Over how many days does Hanukkah take place?,9,holiday,207,<num_days>
Which year did the hurricane start?,2004,cyclone,958,yyyy
Over how many days does Yom Kippur take place?,2,holiday,208,<num_days>
