question,answer,category,table_id
How many years did Art Carney work as an actor starting from 1939?,54,actor,2
How many years before he died did Art Carney last get married?,23,actor,2
How old was Art Carney when he first got divorced?,47,actor,2
How many years ago did Art Carney die?,19,actor,2
For how many years had Benedict Cumberbatch been acting when he got married?,17,actor,3
How many years prior to Cumberbatch turning 45 was the picture taken?,2,actor,3
How old was Cumberbatch when his career began?,22,actor,3
How old was Benedict Cumberbatch when he started acting?,22,actor,3
How many years has Benedict Cumberbatch been acting?,24,actor,3
For how many years has Benedict Cumberbatch been married?,7,actor,3
How old was Benedict Cumberbatch when he began acting?,22,actor,3
How old was Dwayne Johnson when he began his wrestling career?,24,wrestling,7
How old was Dwayne Johnson when he made his acting debut?,27,wrestling,7
How many years after Dwayne Johnson's wrestling debut was his retirement?,23,wrestling,7
How many years after his debut did he retire?,23,wrestling,7
How many years was Joan Crawford active?,50,actor,8
How many years did Joan Crawford and Franchot Tone live together?,4,actor,8
How many years was Joan Crawford active?,50,actor,8
How many years was Joan Crawford's career active?,50,actor,8
How many years were Joan Crawford and Alfred Steele married?,4,actor,8
How long in years did each of Joan Crawford's marriages last?,4,actor,8
At what age did Hebar Pazardzhik originally retire from his career?,39,wrestling,13
How many years ago did Hebar Pazardzhik debut his first match?,33,wrestling,13
For how many more years was Steve Austin married to Jeanie Clarke than Kathryn Burrhus?,5,wrestling,13
How old was Steve Austin when he started his wrestling career?,25,wrestling,13
How many years elapsed between Steve Austin's first retirement and his return match?,19,wrestling,13
How old was Steve Austin when he began his professional wrestling career?,25,wrestling,13
How old was Steve Austin when he originally retired from professional wrestling?,38,wrestling,13
How many years after Ethiopia was first established did Mekelle become its capital?,601,empire,22
How many years longer was Habte Giyorgis prime minister than Yekuno Amlak was emperor?,3,empire,22
How many years did the Ethiopian-Adal war last?,14,empire,22
How many years after the constitution was adopted was the monarchy abolished?,44,empire,22
Italian Eritrea happened how many years before the Ethiopian Empire monarchy was abolished?,85,empire,22
How many years after last playing for Monterrey did Mohamed first manage the team?,15,footballer,36
How many years did Antonio Mohamed manage his previous team before managing the team he currently manages?,1,footballer,36
How many years did Zinedine Zidane spend in the youth division?,9,footballer,40
In what year did Zinedine Zidane start his senior career?,1989,footballer,40
How many years longer was Zidane's senior career than his youth career?,9,footballer,40
How many years after last playing for Real Madrid did Zidane become its assistant manager?,7,footballer,40
How many years did Roy Emerson play at an amateur level until he turned pro?,15,tennis,50
How old was Roy Emerson when he began to play professionally?,32,tennis,50
How many years after winning a doubles tournament did Roy Emerson win a singles tournament?,2,tennis,50
How long in years did it take Roy Emereson to go from amateur to pro?,15,tennis,50
How old was Roy Emerson when he retired from professional play?,47,tennis,50
In what year did Roy Emerson first win a Grand Slam Singles Tournament?,1961,tennis,50
How many years after turning pro did Roy Emerson retire?,15,tennis,50
How old was Roy Emerson when he first won the French Open Doubles?,24,tennis,50
What year was Roy Emerson inducted into the International Tennis Hall of Fame?,1982,tennis,50
How long in years did Roy Emerson play in the amateur league before going professional?,15,tennis,50
How long in years did Roy Emerson play professionally?,15,tennis,50
How many years passed between Nicklaus's first U.S. Open win and his final Masters Tournament victory?,24,golf,66
How many years after marrying did Nicklaus turn professional?,1,golf,66
How many years after turning pro did Jack Nicklaus win his first Masters Tournament?,2,golf,66
How many years had Jack Nicklaus been playing when he won his first Masters Tournament?,2,golf,66
How many years had Jack Nicklaus been playing when he won his last PGA as leading money winner?,15,golf,66
What was the last year that Jack Nicklaus won a U.S. Open?,1980,golf,66
How many years passed between Diegel's first PGA Championship win and his T16 finish at the Masters?,6,golf,68
How many years before Diegel died was the picture taken?,19,golf,68
How long in years was Leo Diegel married?,17,golf,68
How many years after starting his pro career did Diegel marry Violet Bird Diegel?,18,golf,68
How many years after winning his first competition did Leo Diegel pass away?,31,golf,68
How many years ago did Leo Diegel die?,71,golf,68
How many years into his professional career did Sam Snead win the Masters?,15,golf,70
What year did Sam Snead begin playing professionally?,1934,golf,70
How many years separate the time Sam Snead began playing professionally and his death?,68,golf,70
How many years before he married Audrey Karnes Snead did Snead begin his pro career?,6,golf,70
How many years after starting his pro career did Snead win his first championship?,8,golf,70
How old was Sam Snead when he turned professional?,21,golf,70
What year was Chuck Howley drafted into the NFL?,1958,rugby,74
How many years did Chuck Howley play for the Los Raiders?,12,rugby,74
How many years was Chuck Howley a 5× First-team All-Pro?,5,rugby,74
How old was Chuck Howley when his NFL career began?,22,rugby,74
When was the last year that Chuck Howley played in the Pro Bowl?,1971,rugby,74
During what year did Manning receive the most awards or highlights?,2003,rugby,75
How many years had Eli Manning played for the Giants before he won the Walter Payton NFL Man of the Year in 2016?,12,rugby,75
What year was Eli Manning drafted into the NFL?,2004,rugby,75
How many years did Eli Manning play for the New York Giants?,15,rugby,75
How many years did Eli Manning attend Ole Miss?,4,rugby,75
How many years after attending Ole Miss did Eli Manning win the Bart Starr award?,21,rugby,75
How many years did James Worthy play professionally?,12,nba,81
For how many years did James Worthy play in the NBA?,12,nba,81
How many years after winning the gold medal at the FIBA U19 World Championship did Worthy enter the draft?,3,nba,81
How many years after Worthy's NBA career began did he win his first NBA championship?,3,nba,81
How many years had James Worthy been playing professionally when he won the NCAA Championship?,0,nba,81
How many years ago was Nate Archibald inducted into the Basketball Hall of Fame?,16,nba,83
How many years did Nate Archibald play professionally?,14,nba,83
How long in years was Nate Archibald's career since 1970?,14,nba,83
How old was Scottie Pippen when he won a gold medal at the 1996 Atlanta Olympic Games?,31,nba,89
How many years did Pippen play between his stints in Chicago?,5,nba,89
How old was Pippen when he won his first Olympic gold?,27,nba,89
How many years after entering the NBA draft was Pippen awarded NBA steals leader?,8,nba,89
How many years longer did Pippen play for the Chicago Bulls than for the Portland Trail Blazers?,8,nba,89
How many years ago was Scottie Pippen awarded NBA steals leader?,27,nba,89
What was the first year that Carolina Albuquerque competed on the national team?,1997,volleyball,93
How many years separate Carolina Albuquerque's silver medals in the World Grand Prix and the World Championship?,7,volleyball,93
How many years after her first gold medal in any international competition did Carolina Albuquerque win a gold in the Olympics?,9,volleyball,93
In which year did Carolina Albuquerque win the most gold medals in international competition?,2008,volleyball,93
What years did Carolina Albuquerque win medals in Asia?,"1999, 2005, 2006, 2008",volleyball,93
How old was Thiago Alves when he won his first medal at the Olympic Games in 2012?,26,volleyball,96
How many years separate the two gold medals that Thiago Alves won in the World Grand Championships Cup?,4,volleyball,96
How old was Thiago Alves when he won gold in the Pan American Games in 2011?,25,volleyball,96
How many years did Thiago Alves play for Grêmio Náutico União starting from 2000?,3,volleyball,96
How many years after winning his first Olympic medal did Matt Biondi win a medal in his last Olympic Games?,8,swimming,115
What year did Matt Biondi win his only bronze in the Olympics?,1988,swimming,115
In what year did Jager win the most Olympic medals?,1988,swimming,118
How many years were there between Jager's gold medals at the Los Angeles Olympics and his gold medals at the Edmonton Pan Am Games?,7,swimming,118
How old was Bayinnaung when he began his reign as Suzerain of Siam?,48,emperor,119
How many years elapsed from the beginning of Bayinnaung's reign as Suzerain of Lan Na to the end of his first reign as Suzerain of Lan Xang?,10,emperor,119
How many months after the beginning of his reign as King of Burma was Bayinnaung's coronation in Toungoo?,9,emperor,119
How many days after Bayinnaung died was he buried?,5,emperor,119
In what year did Bayinnaung first reign?,1550,emperor,119
How many years did Bayinnaung rule as the Suzerain of Siam?,17,emperor,119
How old was Peter III when he became King of Aragon and Valencia?,37,emperor,122
How many years before his death did Peter III begin his reign as King of Sicily?,3,emperor,122
How many years did Peter III reign as King of Sicily?,3,emperor,122
How many years longer was Peter III's reign as King of Aragon and Valencia than as King of Sicily?,6,emperor,122
How old was Peter III when he started his reign as King of Aragon and Valencia?,37,emperor,122
In what year did Chen Yufei win the most medals?,2016,badminton,129
How many years are between Chen Yufei's gold medal at the Kota Kinabalu Asian Junior Championships and her gold medal at the Tokyo Olympics?,7,badminton,129
How many years ago did Shi Yuqi achieve his highest rank?,5,badminton,166
In what year did Shi Yuqi win the most gold medals?,2014,badminton,166
How many years separate Yuqi's silver medal at the World Championship from his silver at the Asian Junior Championships?,6,badminton,166
When was the most recent year in which Shi Yuqi won a medal?,2021,badminton,166
In what year did Wang Xiaoli win the most bronze medals?,2006,badminton,174
How many years separate Wang Xiaoli's gold medal at the London World Championship from her gold medal at the Asian Junior Championships?,5,badminton,174
How many years ago did Wang Xiaoli achieve her highest ranking?,8,badminton,174
How old was Wang Xiaoli when she won her first gold medal at the Asian Junior Championships in 2006?,17,badminton,174
How many years were B-24 Skuas on the front line?,3,aircraft,226
How many years ago was the B-24 Skua's first flight?,85,aircraft,226
What year was the B-24 Skua introduced?,1938,aircraft,226
How many years after the first flight was the B-24 Skua introduced?,1,aircraft,226
How many years did the B-24 Skua fly before it was completely retired?,8,aircraft,226
How many years longer was the time between the withdrawal of the B-24 Skua from the front line and its withdrawal from other duties than the time between its first flight and introduction?,3,aircraft,226
How many years lapsed between the introduction and the frontline withdrawal of the B-24 Skua?,3,aircraft,226
How many years passed between the first flight and the introduction of the JF-17 Thunder?,4,fighter,229
How many years after its first flight in 2003 was the JF-17 Thunder introduced?,4,fighter,229
For how many years has the JF-17 Thunder been produced in Pakistan?,14,fighter,229
How many years has the JF-17 Thunder been used in China?,15,fighter,229
How many years after its first flight was the JF-17 produced in Pakistan?,4,fighter,229
How many years did it take for inflation in France to decrease by 0.8%?,1,economy,243
How many years did it take for the Human Development Index of France to grow by 0.089 points?,1,economy,243
How many years after the economic aid of $9.50 billion did the revenues of the French economy reach 52.6% of GDP?,3,economy,243
"How many years are between the year Malaysia's nominal GDP rank was 34th and the year its PPP GDP per capita was $32,901?",0,economy,250
How many months has it been since Horacio Rosatti became President of the Supreme Court of Argentina?,8,court,253
How many years ago was the Supreme Court of Argentina established?,159,court,253
How many months has Carlos Rosenkrantz been in the office of Vice President of the Supreme Court of Argentina?,8,court,253
How many years has it been since the Supreme Court of Argentina was established?,159,court,253
How old did the Supreme Administrative Court turn the year Anna Sporrer became Vice President?,138,court,254
How many years ago was the Supreme Administrative Court established?,146,court,254
How long in years has Rudolf Thienel been President of the Supreme Administrative Court?,8,court,254
How many years after its establishment did the Supreme Administrative Court have Rudolf Thienel as its President?,138,court,254
How old did the Supreme Administrative Court turn the year Rudolf Thienel became President?,138,court,254
How many years after Rudolf Thienel became President did Anna Sporrer become Vice President?,0,court,254
How many years ago was the Supreme Court of Israel established?,74,court,257
How many years was there between the start of Uzi Vogelman's term as Deputy President and the end of his jurist term?,2,court,257
How many years after the Supreme Court of Israel was established did Esther Hayut become president?,69,court,257
How many years after the establishment of the Supreme Court of Israel did Esther Hayut become President?,69,court,257
How many years ago did Casey Mears last participate in the IndyCar Series?,21,martial artist,264
How many years ago did Casey Mears receive the award of Coca-Cola 600 winner?,15,martial artist,264
How long in years did Casey Mears' career last in the Champ Car series?,2,martial artist,264
What year did Casey Mears have his first Daytona 500 race?,2003,martial artist,264
How many years did it take for Mears to win a NASCAR Cup Series race?,4,martial artist,264
How old was Cody Ware when he debuted in the NASCAR Cup Series?,22,racing,265
How many years did Cody Ware race in the NASCAR Xfinity Cup Series?,7,racing,265
How many years ago did Cody Ware win the Lamborghini Super Trofeo North America Rookie of the Year 2014?,8,racing,265
How old was Cody Ware when he first raced in the NASCAR PEAK Mexico Series in 2014?,19,racing,265
How old was Cody Ware when he competed in the NASCAR PEAK Mexico Series?,19,racing,265
How many years ago was Tony Stewart awarded the IROC championship?,16,racing,272
How old was Tony Stewart when he began his IndyCar Series career?,25,racing,272
At what age was Stewart inducted into the NASCAR Hall of Fame?,49,racing,272
How old was Tony Stewart when he won his first NASCAR Series race in 2002?,31,racing,272
How old was B. J. Neufeld when he received his last medal?,36,curling,281
When was the last time that B. J. Neufeld won any type of medal?,2022,curling,281
How many years has B.J. Neufeld been associated with a member association?,15,curling,281
How many years ago was B. J. Neufeld top ranked in CTRS?,8,curling,281
What year was the first time that Dawn McEwen made an appearance at the World Championships?,2008,curling,288
How old was Dawn McEwen when she won the gold at the 2014 Sochi Olympics?,34,curling,288
What year did Dawn McEwen make her first Olympic appearance?,2014,curling,288
How many years has Dawn McEwen played for Ontario since 2003?,4,curling,288
How old was Emma Miskew when she appeared in the 2018 Olympic Games?,29,curling,291
How many years elapsed between Miskew's gold medal at the Canada Winter Games and her gold medal at the Canadian Olympic Curling Trials?,10,curling,291
How old was Emma Kathryn Miskew when she made her first Hearts appearance?,22,curling,291
In what year did Alexandra Boltasseva's longest streak of receiving an annual award begin?,2017,scientist,315
How old was Boltasseva when she won Young Elite-Researcher Award from the Danish Councils for Independent Research?,30,scientist,315
How old was Alexandra Boltasseva when she won her first award?,30,scientist,315
How many years were between Boltasseva's awards as Fellow of the Materials Research Society and Fellow of The Optical Society?,6,scientist,315
In what year did Boltasseva win the most awards?,2013,scientist,315
How many years after getting the 2001 Innovative Teaching Grant - Intel Corporation did Aude Gemma Billard get The Outstanding Young Person in Science and Innovation award?,2,scientist,321
How many years are between Billard's award for The Outstanding Young Person in Science and Innovation and Innovative Teaching Grant?,2,scientist,321
How many years ago did Aude Gemma Billard receive the Fellowship from the Medicus Foundation?,23,scientist,321
How old was Aude Gemma Billard when she was nominated as a Member of SATW?,45,scientist,321
How old was Aude Gemma Billard when she was nominated as a Member of SATW?,45,scientist,321
How old was Aude Billard when she was nominated as a Member of SATW?,45,scientist,321
How many years was Hulk Hogan active as a wrestler?,35,wrestling,339
How many years ago did Hogan debut his wrestling career?,45,wrestling,339
What year did Hulk Hogan become an actor?,1982,wrestling,339
How old was Hulk Hogan when he married Linda Hogan?,30,wrestling,339
How many years had Hulk Hogan been a wrestler when he started acting?,5,wrestling,339
How many years did Hulk Hogan actively wrestle?,35,wrestling,339
At what age did Jeffrey Epstein get work release?,55,person,340
How old did Jeffrey Epstein turn the year he was apprehended?,66,person,340
How many months after being apprehended did Jeffrey Epstein commit suicide?,1,person,340
How many years after his first penalty was Jeffrey Epstein apprehended?,11,person,340
How old was Epstein when he was apprehended?,66,person,340
How many days after Epstein was apprehended was the mugshot photo taken?,3,person,340
What year was Jeffrey Epstein apprehended?,2019,person,340
How many months after his arrest did Epstein die?,1,person,340
How old was Jeffrey Epstein when he was apprehended in 2019?,66,person,340
At what age was Jeffrey Epstein apprehended?,66,person,340
How old was Jeffrey Edward Epstein at the time of his 13-month penalty?,55,person,340
How many days after Jeffrey Edward Epstein's apprehension was his final mugshot taken?,3,person,340
How old was Jeffrey Epstein when he was convicted in 2008?,55,person,340
What year was Jeffrey Epstein first convicted of sex trafficking?,2008,person,340
How old was Nicki Minaj when she married Kenneth Petty in 2019?,37,musician,347
How long in years was Nicki Minaj with her second partner?,3,musician,347
How many years had Nicki Minaj been with her first partner when she started performing?,4,musician,347
How many years has Nicki Minaj been active in her career?,18,musician,347
How old was Minaj when her career began?,22,musician,347
How old was Nicki Minaj when she ended her partnership with Safaree Samuels?,32,musician,347
How many years were there between Nicki Minaj's relationships with Safaree Samuels and Meek Mill?,1,musician,347
How old was Nicki Minaj when she got married?,36,musician,347
How many years longer did Minaj's relationship with Safaree Samuels last than with Meek Mill?,12,musician,347
How long in years was Paul Gauguin married to Teha'amana?,2,painter,349
What age did Paul Gauguin die at?,54,painter,349
How many years ago did Paul Gauguin die?,119,painter,349
At what age did Paul Gauguin marry Mette-Sophie Gad?,25,painter,349
At what age did Paul Gauguin separate from Mette-Sophie Gad?,46,painter,349
At what age did Paul Gauguin separate from Teha'amana?,45,painter,349
How many years was Paul Gauguin married to Mette-Sophie Gad?,21,painter,349
How old was Pierre Auguste Cot when he died?,46,painter,350
At what age did Pierre Auguste Cot die?,46,painter,350
"How old was Pierre Auguste Cot when he painted ""The Storm""?",43,painter,350
In what year was Pierre Auguste Cot born?,1837,painter,350
At what age did Pierre Auguste Cot finish The Storm?,43,painter,350
At what age did Stephen Hawking marry Jane Wilde?,23,nobel,352
At what age did Stephen Hawking divorce Jane Wilde?,53,nobel,352
At what age did Stephen Hawking marry Elaine Mason?,53,nobel,352
How old was Stephen Hawking when he wrote his thesis in 1966?,24,nobel,352
How many years ago did Stephen Hawking die?,4,nobel,352
What year did Stephen Hawking win the Presidential Medal of Freedom?,2009,nobel,352
How old was Stephen Hawking when he married his first wife in 1965?,23,nobel,352
How many years before Stephen Hawking died did he win the Copley Medal?,12,nobel,352
At what age did Stephen Hawking divorce his first wife?,53,nobel,352
How many years did Stephen Hawking and Jane Wilde have a marital relationship?,30,nobel,352
How many years ago did Stephen Hawking release the Properties of Expanding Universes?,56,nobel,352
How old was Stephen Hawking when he was awarded the BBVA Foundation Frontiers of Knowledge Award in 2015?,73,nobel,352
At what age did Stephen Hawking win the Hughes Medal?,34,nobel,352
How old was Stephen Hawking when he died?,76,nobel,352
At what age did Steve Jobs become active in his career?,21,person,353
How many years after becoming active did Steve Jobs get married?,15,person,353
How long in years were Chrisann Brennan and Steven Paul Jobs partners?,5,person,353
How many years ago did Steve Jobs die?,11,person,353
How old was Steve Jobs when he married Laurene Powell?,36,person,353
How many years ago did Steve Jobs present the iPhone 4?,12,person,353
At what age did Steve Jobs marry his spouse?,36,person,353
At what age did Steve Jobs marry Laurene Powell?,36,person,353
At what age did Steve Jobs end his partnership with Chrisann Brennan?,22,person,353
How many years was Steve Jobs active in his career?,35,person,353
At what age did Steve Jobs marry Laurene Powell?,36,person,353
How many years were Steven Paul Jobs and Chrisann Brennan partners?,5,person,353
How many years after first becoming active did Steve Jobs get married?,15,person,353
How many years was Steve Jobs in a relationship with his partner Chrisann Brennan?,5,person,353
How old was Steve Jobs when he married Laurene Powell in 1991?,36,person,353
At what age did Steve Jobs first have a partner?,17,person,353
"In what year was ""The Gross Clinic"" created?",1875,painter,356
How old was Thomas Eakins when he died?,71,painter,356
"How old was Thomas Eakins when he painted ""Max Schmitt in a Single Scull""?",27,painter,356
"At what age did Thomas Eakins create ""The Agnew Clinic""?",45,painter,356
At what age did Thomas Eakins die?,71,painter,356
At what age did the artist complete his work The Gross Clinic?,31,painter,356
How old was Alimuddin Zumla when he won the 2021 EU-EDCTP Pascoal Mocumbi Prize?,66,scientist,364
How old was Alimuddin Zumla when he won the 1999 Weber-Parkes Trust Medal?,44,scientist,364
What year did Alimuddin Zumla win the Union Medal?,2018,scientist,364
How old was Zumla when he won the Mahathir Science Award?,65,scientist,364
How many years after Zumla wrote his thesis did he win the Weber-Parkes Trust Medal?,12,scientist,364
How many years are there between when Zumla won the EU-EDCTP Pascoal Mocumbi Prize and the Karolinska Institutet Science Award?,9,scientist,364
How old was Adolf von Baeyer when he won the Nobel Prize for Chemistry?,70,nobel,369
At what age did Adolf von Baeyer marry Adelheid Bendemann?,33,nobel,369
At what age did Adolf von Baeyer receive the Nobel Prize?,70,nobel,369
How old was he when he won the Nobel?,70,nobel,369
How old was he when he got married?,33,nobel,369
How old was Adolf von Baeyer when he got married?,33,nobel,369
How many years before his death did Adolf von Baeyer win the Nobel Prize in Chemistry?,12,nobel,369
At what age did Adolf von Baeyer marry Adelheid Bendemann?,33,nobel,369
At what age did Adolf von Baeyer receive the Nobel Prize?,70,nobel,369
How many years before Johann Friedrich Wilhelm Adolf Baeyer's death did he win the Nobel Prize for Chemistry?,12,nobel,369
At what age did Johann Friedrich Wilhelm Adolf Baeyer win the Davy Medal?,46,nobel,369
How many years after marrying his spouse did Johann Friedrich Wilhelm Adolf Baeyer win the Liebig Medal?,35,nobel,369
At what age did Albert A. Michelson marry his first wife Margaret Hemingway?,25,nobel,370
How old was he when he won the Nobel Prize?,55,nobel,370
At what age did Albert A. Michelson die?,78,nobel,370
How many years after his divorce did Albert A. Michelson get remarried?,1,nobel,370
At what age did Albert A. Michelson marry his second wife Edna Stanton?,47,nobel,370
How old was Albert A. Michelson when he first got married?,25,nobel,370
How many years between his first and last award?,26,nobel,370
What year did Art Wilson play for the Cleveland Indians?,1921,baseball,400
How old was Art Wilson when he made his MLB debut in 1908?,23,baseball,400
How many years longer did Wilson play for the New York Giants than the Boston Braves?,3,baseball,400
How many years after his last MLB appearance did Wilson die?,39,baseball,400
How long in years did Art Wilson play in the MLB?,13,baseball,400
How many years after his MLB debut did Art Wilson play for the Pittsburgh Pirates?,8,baseball,400
How many years did Babe Young play for MLB?,12,baseball,401
How old was Young when he made his MLB debut?,21,baseball,401
How many years after his final MLB appearance did Young die?,35,baseball,401
How old was Babe Young when he began his MLB career?,21,baseball,401
How many years did Babe Young play for the Cincinnati Reds?,2,baseball,401
How old was Babe Young when he made his MLB debut?,21,baseball,401
How many years after his last MLB appearance did McCoy die?,70,baseball,405
How many years after his MLB debut did McCoy play for the Philadelphia Athletics?,2,baseball,405
How old was McCoy when he made his MLB debut?,23,baseball,405
For how many years did Benny McCoy play professional baseball?,3,baseball,405
When was the last season that Benny McCoy played professionally?,1941,baseball,405
How old was Benny McCoy when he made his MLB debut?,23,baseball,405
How many years did Benny McCoy play for the Detroit Tigers?,1,baseball,405
How many years ago was the current constitution established in Brazil?,34,country,424
How many years ago was Brazil declared a republic?,133,country,424
How many years were there between the end of the last monarch's reign and the establishment of Denmark-Norway?,14,empire,430
How long in years did the Kalmar Union last?,140,empire,430
How many years did the last monarch of the Kalmar Union rule?,10,empire,430
How many years after the inception of the Kalmar Union did Eric of Pomerania end his reign?,45,empire,430
How many years long was the last reign of the Kalmar Union?,10,empire,430
How long in years was José Manuel de Herrera Prime Minister of the Mexican Empire?,1,empire,433
How many months after the Plan of Iguala did Mexican independence occur?,7,empire,433
How long in years did the Mexican Empire last?,2,empire,433
How many months after the Plan of Iguala was Mexican independence?,7,empire,433
How long in years was José Manuel de Herrera Prime Minister of the Mexican Empire?,1,empire,433
How many years prior to Agustin I's rule was the Plan of Iguala?,1,empire,433
How many years after the French occupation of Algeria was its independence?,132,country,436
How many years longer was the period between the Hammadid and the Zayyanid dynasties compared to the period between the Rustamid and the Zirid dynasties?,25,country,436
How many days after the formation of the Belarusian People's Republic did Belarus gain independence from Russia?,17,country,438
How long in years has Belarus been under its current Constitution?,28,country,438
How many years were there between independence from Russia and independence from the USSR?,73,country,438
How many years ago did Mars Express perform orbital insertion?,19,space probe,452
How many months are left in the Mars Express mission duration?,7,space probe,452
How many days after launch did Chandrayaan-2 land on the moon?,46,space probe,457
How many days after launch was Chandrayaan-2's orbital insertion held?,29,space probe,457
How many years ago was Chandrayaan-2 launched?,3,space probe,457
How many years longer is the orbiter's planned mission duration than its current elapsed duration?,5,space probe,457
How many months after the launch date was the moon lander's landing date?,2,space probe,457
For how many years did Black Dog Siding operate under its original name?,90,railway,464
How long in years did Black Dog Siding remain open?,102,railway,464
How many years before the last closure of the station was the picture taken?,7,railway,465
How many years after originally opening as Cheltenham Malvern Road was it renamed Cheltenham Spa Malvern Road?,17,railway,465
How many years was Cheltenham Spa station operational after reopening in 1919?,47,railway,465
How many years ago was Cheltenham Spa station opened in Malvern Road?,114,railway,465
How many years was Cheltenham Spa station open before its first closure?,9,railway,465
How long in years has AC/DC been active in the music scene?,49,musician,468
How many years has AC/DC been a band?,49,musician,468
What year was AC/DC formed?,1973,musician,468
How many years has AC/DC been performing?,49,musician,468
What year was Percy Faith born?,1908,musician,472
What year did Percy Faith die?,1976,musician,472
How old was Percy Faith when he died?,67,musician,472
How old was Percy Faith when he died?,67,musician,472
How many years ago did Faith die?,46,musician,472
How old was Owen when he began his senior career?,17,footballer,479
How old was Michael Owen when he joined Real Madrid?,25,footballer,479
How many years were there between Owen joining Real Madrid and leaving Manchester United?,8,footballer,479
How many more years did Owen play for Liverpool than Newcastle United?,4,footballer,479
How long in years did Michael Owen's senior career last?,17,footballer,479
How old was Draško Nenadić when he started playing for the national team?,22,handball,492
For how many years did Draško Nenadić play with his first team?,3,handball,492
How many years are between Arntzen's gold medal at the Croatia/Hungary European Championship and her gold medal at the Spain World Championship?,7,handball,493
How old was Arntzen when she began to play for her first senior club?,16,handball,493
In what year did Emilie Hegh Arntzen receive her last medal?,2021,handball,493
"For how many years did Emilie Hegh Arntzen play for Byåsen HE, starting in 2014?",3,handball,493
How old was Arntzen when she began playing for CSM București?,27,handball,493
How many years separate Arntzen's most recent gold medal from her earliest gold medal?,7,handball,493
How many years longer did Hasanefendić manage Switzerland than VfL Gummersbach?,3,handball,503
How old was Sead Hasanefendić when he worked as manager for GWD Minden in 2013?,65,handball,503
How many years did Sead Hasanefendić work as manager for the Switzerland team starting from 1980?,6,handball,503
How old was Hasanefendić when he managed his first team?,31,handball,503
How many years after Hasanefendić stopped managing RK Metaloplastika did he begin managing his current team?,38,handball,503
How many years did Žarko Marković play for Montenegro?,6,handball,504
How many years did Žarko Marković play for Montenegro?,6,handball,504
For how many years did Žarko Marković play for Montenegro?,7,handball,504
In what year range did Novak Djokovic first win 3 consecutive Australian Open tournaments?,2011-2013,tennis,509
What year did Novak Djokovic win his first U.S. Open?,2011,tennis,509
How old was Novak Djokovic when he competed in the Olympic Games?,21,tennis,509
For how many years did Roger Federer play professionally before achieving his highest ranking?,6,tennis,512
How many years after turning pro did Roger Federer win a silver Olympic medal?,14,tennis,512
How old was Roger Federer when he won his first Olympic gold medal?,27,tennis,512
How many years after winning the Olympic gold medal did Roger Federer get an Olympic silver medal?,4,tennis,512
At what age did Roger Federer get his highest ranking?,23,tennis,512
How many years elapsed between Franchitti's first race in the IndyCar Series and his first race in the Champ Car career?,5,car driver,516
How old was Dario Franchitti when he won the BRDC Gold Star in 2009?,36,car driver,516
How many years longer was Franchitti's IndyCar Series career than his NASCAR Camping World Truck Series career?,9,car driver,516
How many years had Dario Franchitti been retired from IndyCar when he was elected to the Motorsports Hall of Fame?,6,car driver,516
How many years did Davy Jones compete in the Le Mans division?,4,racing,517
When was the last year that Davy Jones competed in the Le Mans division?,1996,racing,517
How many years did Davy Jones race in the 24 Hours of Le Mans?,4,racing,517
In what year would Davy Jones have turned 30?,1994,racing,517
What year did Davy Jones run his first Daytona 500 race?,1995,racing,517
How old was Davy Jones when he made his first Daytona 500 appearance?,31,racing,517
How old was Gordon during his first race in the ARCA Menards Series?,21,car driver,518
How many years after his debut in the Stadium Super Trucks did Gordon win a silver medal at the Summer X Games?,2,car driver,518
How old was Robby Gordon when he first raced in the NASCAR Cup Series?,22,car driver,518
How many years ago did Robby Gordon first win the Stadium Super Trucks?,9,car driver,518
How many years longer was Gordon's NASCAR Xfinity Series career than his IndyCar Series career?,2,car driver,518
How old was Ryan Hunter-Reay when he won the Skip Barber National Championship in 1999?,19,car driver,521
How old was Ryan Hunter-Reay when he won the IndyCar Rookie of the Year?,27,car driver,521
How many years has Ryan Hunter-Reay participated in the Rolex Grand-Am Sports Car Series since 2006?,7,car driver,521
How many years ago did Ryan Hunter-Reay win the WorldCom Rising Star Award?,20,car driver,521
How many years ago did Timo Glock last race in his Formula One World Championship career?,10,car driver,523
How old was Timo Glock when he participated in Formula BMW in 2001?,19,car driver,523
How many years were between Glock's best finish in his DTM career and his first best finish in his Champ Car career?,13,car driver,523
How old was Glock during his last entry in the Formula One World Championship?,30,car driver,523
How many years after Dennis Erickson's first coaching job did he become head coach of the Salt Lake Stallions?,50,nfl,540
In what year did Dennis Erickson receive his second national championship award?,1991,nfl,540
When was the last year that Dennis Erickson coached for an NFL team?,2004,nfl,540
How long in years years did Dennis Erickson work as the head coach for Idaho starting in 1982?,3,nfl,540
How old was Dennis Erickson when he won the Big Sky Championship in 1985?,38,nfl,540
How old was Derrell Palmer when he was inducted into the TCU Hall of Fame in 1978?,56,nfl,546
How many years did Derrell Palmer play for the Cleveland Browns?,4,nfl,546
How old was Derrell Palmer when he entered the NFL draft?,21,nfl,546
How many years ago did Derrell Palmer die?,13,nfl,546
How many years longer was Derrick Brooks a player for the Tampa Bay Buccaneers than an executive for the Tampa Bay Storm?,7,nfl,547
How old was Derrick Brooks when he won NFL Defensive Player of the Year in 2002?,29,nfl,547
What year was the most illustrious of Brooks's career?,2002,nfl,547
How old was Derick Brooks when he was drafted?,22,nfl,547
How old was Derrick Summers when he played for the Jacksonville Sharks in 2011?,23,nfl,551
How many years was Derrick Summers's playing career?,8,nfl,551
How many years did Derrick Summers play for the Jacksonville Sharks?,3,nfl,551
How old was Emmitt Smith when he graduated from college?,20,rugby,558
How old was Emmitt Smith when he last played in the Pro Bowl?,30,rugby,558
How many years did Emmitt Smith play for the Dallas Cowboys?,12,rugby,558
How old was Emmitt Smith when he began playing for the Dallas Cowboys?,21,rugby,558
How old was Emmitt Smith when he received the NFL Most Valuable Player Award in 1993?,24,rugby,558
How many years before Jeelani died did his NBA career end?,27,ice hockey,561
What year was Abdul Jeelani's last year in college?,1976,ice hockey,561
How long in years did Abdul Jeelani's playing career last?,13,ice hockey,561
For how many years did Abdul Jeelani play professional basketball?,13,ice hockey,561
How old was Jeelani when he first played for the Dallas Mavericks?,26,ice hockey,561
How old was Belus Smawley when he attended Appalachian State in 1939?,21,basketball,566
How long in years was Belus Smawley's playing career?,6,basketball,566
How old was Smawley when he started playing for the St. Louis Bombers?,28,basketball,566
How many years longer did Smawley coach Pembroke State than he played for the Baltimore Bullets?,3,basketball,566
How long in years did Belus Smawley's coaching career last?,5,basketball,566
How many years was Belus Smawley's career active since 1946?,6,basketball,566
What year did Bill Hewitt play for the Chicago Bulls?,1974,basketball,568
How long in years was Bill Hewitt's playing career?,6,basketball,568
How long in years did Bill Hewitt play for the Lakers?,1,basketball,568
How old was Hewitt when he played for the Chicago Bulls?,30,basketball,568
How many years longer did Hewitt's NBA career last than his college career?,2,basketball,568
How many years was Bill Hewitt in an active career?,6,basketball,568
How old was Bill Hosket when he received the NBA champion award in 1970?,24,basketball,569
How many years longer was Hosket's NBA career than his college career?,1,basketball,569
How many years did Bill Hosket play in his career?,4,basketball,569
How many years did Bill Hosket play for the Buffalo Braves?,2,basketball,569
How many years after entering the NBA draft did Hosket play for the Buffalo Braves?,2,basketball,569
How old was Janice Lawrence Braxton when she played in the Olympic Games?,22,ice hockey,577
How old was Janice Lawrence Braxton when she entered the WNBA Draft?,35,ice hockey,577
How old was Braxton when she won a silver medal in Rio de Janeiro?,21,ice hockey,577
How many years after winning a gold medal at the Olympic Games did Braxton play for the Cleveland Rockers?,13,ice hockey,577
What year did Janice Lawrence Braxton win a gold medal in the Olympics?,1984,ice hockey,577
What year did Marcos Leite win gold in the FIBA AmeriCup games?,1984,ice hockey,579
How many years did Marcos Leite's playing career last?,22,ice hockey,579
How many years longer was Leite's playing career than his college career?,9,ice hockey,579
How old was Stéphane Antiga when he won the FIVB World Championship?,38,volleyball,588
How many years were between the time Antiga first played professionally and when he began coaching?,20,volleyball,588
How old was Antiga when he first played for Paris Volley?,22,volleyball,588
How old was Stéphane Antiga the year he medaled in Argentina?,26,volleyball,588
"How many years has 20th Century Studios, Inc. been in existence?",87,company,592
How many years has 888 Holdings PLC been in existence?,25,company,595
For how many years was AT&T known as Southwestern Bell Corporation?,12,company,597
How long in years has the current AT&T logo been in use?,6,company,597
How many years ago was AT&T Inc. founded?,39,company,597
How long in years had AT&T been known by a different name?,22,company,597
In what year was Ambassadors Group founded?,1967,website,600
What year was the University of Cambridge established?,1209,university,606
How many years ago was the University of Cambridge founded?,813,university,606
What year was the University of Cambridge founded?,1209,university,606
What year was the University of Cambridge established?,1209,university,606
How many years was Yale University known as Collegiate School?,17,university,611
How many years ago was Yale University named Collegiate School?,304,university,611
For how many years was Yale University named Collegiate School?,17,university,611
How long in years has Yale University been in existence?,321,university,611
How many years passed between the groundbreaking and the opening of the Carrier Dome?,2,stadium,621
How many years ago was Jacobs University Bremen established?,21,university,624
In what year was Jacobs University founded?,2001,university,624
How many years did it take for the NYSE to go from a US$20.161 trillion volume to a US$26.2 trillion market cap?,10,monument,626
How many years after NYSE's founding was its volume US$20.161 trillion?,219,monument,626
How many years after NYSE's founding did its market cap reach $26.2 trillion?,229,monument,626
What was the opening date of the New York Stock Exchange?,"May 17, 1792",monument,626
What year was the New York Stock Exchange founded?,1792,monument,626
How many years ago was the New York Stock Exchange founded?,229,monument,626
In what year was the NYSE founded?,1792,monument,626
How many years was the stadium called Tractor Stadium?,14,stadium,627
When did OSC Metalist Stadium first open?,1926,stadium,627
How many years after breaking ground did OSC Metalist Stadium open?,1,stadium,627
How many years after opening was OSC Metalist renovated?,83,stadium,627
How many years after opening was the stadium renovated?,83,stadium,627
How many years after the first launch at the Satish Dhawan Space Centre did the first launch from its second launch pad occur?,26,launchpad,628
In what year did the first launch occur at the Satish Dhawan Space Centre?,1979,launchpad,628
What year did the first launch from Site 200 occur?,1980,launchpad,629
In what year did Blaze Riorden last win a medal at the World Indoor Lacrosse Championship?,2019,lacrosse,642
How many years apart were the medals that Blaze Riorden won at the World Indoor Lacrosse Championship?,4,lacrosse,642
In what year was Blaze Riorden last named an All-Star in the PLL?,2021,lacrosse,642
How old was Blaze Riorden when he won the America East Defensive Player of the Year in 2016?,2,lacrosse,642
How many years ago did Brandon Miller's career start?,21,lacrosse,644
How long in years was it between the first and the last time Brandon Miller won the Harry Lumley Trophy?,12,lacrosse,644
How old was Brandon Miller when he won the NLL All-Star award in 2007?,28,lacrosse,644
What years did Brandon Miller win more than one award?,"2007, 2008, 2013, 2014",lacrosse,644
At what age did Brandon Miller earn a spot on the 2nd Team All-Pro?,34,lacrosse,644
In what year did Dylon Molloy start his career?,2017,lacrosse,655
How long in years has Dylan Molloy been playing professionally?,5,lacrosse,655
How many years after winning the USILA Player of the Year did Dylan Molloy become a pro?,1,lacrosse,655
How many years ago was Dylan Molloy the USILA Player of the Year?,6,lacrosse,655
How many years before Frank Urso began his pro career was he inducted into the U.S. Lacrosse Hall of Fame?,6,lacrosse,656
What years did Frank Urso earn more than one title?,"1974, 1975, 1976",lacrosse,656
How many years after winning his first NCAA D-1 Championship did Frank Urso compete in the World Lacrosse Championship?,1,lacrosse,656
How many years ago was Frank Urso awarded Division I Player of the Year?,47,lacrosse,656
What year did Alicia Coutts win Olympic gold?,2012,swimming,665
How old was Alicia Coutts when she won her gold medal in the 2012 Olympics?,25,swimming,665
How old was Alicia Coutts when she won her first gold medal at the Pan Pacific Championships in 2014?,27,swimming,665
How old was Carolijn Brouwer when she first competed in the ISAF World Youth Championships?,18,sailor,668
What was the last year that Carolijn Brouwer won a gold medal in the World Championships?,1998,sailor,668
How old was Carolijn Brouwer when she won her last gold medal in the World Championships?,25,sailor,668
How old was Carolijn Brouwer when she won her first gold medal at the ISAF World Youth Championships in 1991?,18,sailor,668
How many years were there between Carolijn Brouwer competing for the Netherlands and Belgium?,6,sailor,668
What year did Charlotte Atkinson win the most gold medals?,2015,swimming,669
What year did Charlotte Atkinson win her first bronze medal in the Island Games?,2011,swimming,669
How old was Charlotte Atkinson when she won the gold medal in the European Championships?,22,swimming,669
How many years after winning a bronze medal in the Isle of Wight 200 m medley did Atkinson win a gold medal at the 2018 Glasgow 4×100 m mixed medley?,7,swimming,669
In what year did Atkinson win the most gold medals?,2015,swimming,669
How old was Atkinson when she won her first gold medal?,15,swimming,669
How old was Claire Leroy when she won her first gold medal at the 2007 World Championships?,27,sailor,671
How old was Claire Leroy when she won gold at the 2007 World Championships?,27,sailor,671
How many years apart were Claire Leroy's gold medal wins at the World Championships?,1,sailor,671
How many years did it take for Claire Leroy to win a gold medal after her first bronze medal?,3,sailor,671
How old was Claire Leroy when she won her first World Championships medal?,27,sailor,671
How old was Heiko Kroeger when he won a gold medal at the 2000 Olympics?,34,sailor,677
How old was Heiko Kroeger when he won his first gold medal at the 2000 Paralympic Games?,34,sailor,677
How many years passed before Heiko Kroeger won another medal after his 2000 Olympics gold?,12,sailor,677
What year was Marina Alabau's most recent appearance in the European Championships?,2012,sailor,688
How old was Marina Alabau when she won the gold medal at the 2012 Olympics?,27,sailor,688
How old was Marina Alabau when she competed in the 2012 Olympic Games?,27,sailor,688
"How many years ago was ""Catch 22"" published?",61,book,702
What year was the follow-up to Catch-22 published?,1994,book,702
What year was the book Catch-22 first published?,1961,book,702
How many years ago was Catch-22 published?,61,book,702
What year was the first edition hardback of Catch-22 released?,1961,book,702
What year was Catch-22 first printed?,1961,book,702
How long in years was it between Aruna Quadri achieving his highest rank and his silver medal at the Commonwealth Games?,4,tabletennis,710
What year did Aruna Quadri achieve his highest ranking?,2022,tabletennis,710
How old was Aruna Quadri when he reached number 10?,33,tabletennis,710
How many months ago did Aruna Quadri achieve his highest ranking?,7,tabletennis,710
How old was Aruna Quadri when he won the silver medal in the 2018 Gold Coast Commonwealth Games?,30,tabletennis,710
How old was Quadri when he won the silver at the Commonwealth Games?,30,tabletennis,710
How many months are between Quadri's current rank and his highest rank?,1,tabletennis,710
In what year was Valderøy Church founded?,1961,church,714
How many years ago was Valderøy Church consecrated?,61,church,714
How long in years was Valen Chapel in operation after its completion?,166,church,715
How many years after its completion was Valen Chapel consecrated?,242,church,715
How long in years has the church been open in total?,239,church,715
How old was the church when it was consecrated?,242,church,715
How old was the church when it initially closed?,166,church,715
How many years did the consecration of Valen Chapel take after it was closed?,76,church,715
How many days after the groundbreaking on 11 July 1939 was the construction of All Hallows Twickenham completed?,487,church,719
How many years ago was All Hallows Twickenham designated as Grade I?,70,church,719
What year was the Palace of Westminster built?,1016,monument,726
How many years did it take to rebuild the Palace of Westminster?,36,monument,726
How many years after its demolition did the rebuilding of the Palace of Westminster begin?,6,monument,726
How many years did it take to rebuild the Palace of Westminster?,36,monument,726
How many years did it take to rebuild the Palace of Westminster?,36,monument,726
How many years old is the Palace of Westminster?,1006,monument,726
How many years after it was built did the Palace of Westminster catch on fire?,818,monument,726
How old was Timoshenko when he began skating?,5,figure skating,735
How many years after Timoshenko began skating did he win his first gold medal?,14,figure skating,735
How many years did Daria Timoshenko skate for Azerbaijan?,6,figure skating,735
How old was Daria Timoshenko when she began skating?,5,figure skating,735
How many years did Daria Timoshenko skate before retiring?,21,figure skating,735
At what age did Gorshkova begin skating?,4,figure skating,743
How many years after winning a bronze medal at the World Junior Championships did Gorshkova achieve a personal best score in compulsory dance?,2,figure skating,743
How many years after Gorshkova began skating did she win her first medal?,14,figure skating,743
How old was Kristina Gorshkova when she began skating?,4,figure skating,743
How old was Gorshkova when she won a gold medal?,22,figure skating,743
How many years after Kristina Gorshkova began skating did she win her first medal at the Junior Grand Prix Final?,14,figure skating,743
What year did Kristina Gorshkova win a gold medal at the Winter Universiade?,2011,figure skating,743
At what age did Max Aaron begin skating?,4,figure skating,747
How old was Aaron when he first began skating?,4,figure skating,747
How many years after achieving a personal best score in the short program did Aaron retire?,3,figure skating,747
How old was Max Aaron when he began skating?,4,figure skating,747
How many years had Max Aaron been skating before he retired in 2018?,22,figure skating,747
How many months ago did Max Aaron retire?,56,figure skating,747
What was Shabalin's age when he won his sole Olympic medal?,28,figure skating,748
How old was Maxim Shabalin when he began skating?,5,figure skating,748
How old was Maxim Shabalin when he began skating?,5,figure skating,748
How long in years did the second renovation of the Birmingham–Jefferson Convention Complex last?,2,monument,751
How long in years was the Birmingham–Jefferson Convention Complex open before it was renovated in 2009?,37,monument,751
How many years after the Birmingham–Jefferson Convention Complex was opened was it first renovated?,37,monument,751
What year was the first renovation of the Birmingham–Jefferson Convention Complex?,2009,monument,751
How many years longer was the second renovation than the first at the Birmingham–Jefferson Convention Complex?,2,monument,751
How many years after Miloš Obrenović's reign as Grand Vožd of Serbia ended did his second reign as Prince of Serbia begin?,41,emperor,765
How many years elapsed between the reigns of Prince of Serbia for Miloš Obrenović I?,19,emperor,765
How long in years did Miloš Obrenović I's reign last in which Karađorđe was his successor?,2,emperor,765
How many years ago did Miloš Obrenović I die?,162,emperor,765
How many years before his death did Miloš Obrenović I begin his second reign as the Prince of Serbia?,2,emperor,765
How many years longer was Miloš Obrenović's first reign as Prince of Serbia compared to his reign as Grand Vožd of Serbia?,20,emperor,765
How many years had Bev Francis's career lasted when she debuted her first match?,39,body builder,778
How long in years was the career of Bev Francis?,8,body builder,778
How long in years was Bev Francis's professional career?,8,body builder,778
How many years after her best win did Bev Francis retire?,4,body builder,778
How old was Bev Francis when she made her pro debut in 1983?,28,body builder,778
How old was Bev Francis when she turned pro?,28,body builder,778
At what age did Bev Francis retire from her career?,36,body builder,778
How many years were there between Bev Francis's pro debut in 1983 and her best win?,4,body builder,778
How many years after turning 18 did Pettersen win a gold medal at the Junior World Championships?,1,skier,781
How many years were between Pettersen's first gold medal and her last?,4,skier,781
How many years did Brit Pettersen attend the World Cup?,7,skier,781
How old was Henrieta Farkašová when she won a gold medal at the 2022 Olympics?,36,skier,791
How old was Henrieta Farkašová when she first competed in the IPC Alpine Skiing World Championships in 2009?,23,skier,791
What year did Henrieta Farkašová win her first gold medal in the Paralympic Games?,2010,skier,791
How old was Henrieta Farkašová when she won her last gold medal at the 2022 Beijing Games?,36,skier,791
In what year did Kaija Parve-Helinurm win the most medals?,1985,skier,793
How many years in a row did Kaija Parve win a gold medal in the women's biathlon?,5,skier,793
How old was Kaija Parve when she went to her first World Cup?,20,skier,793
How old was Kaija Parve when she won her last gold medal at the 1988 Chamonix World Championships?,24,skier,793
How old was Marja-Liisa Kirvesniemi when she first won an Olympic gold medal?,29,skier,804
How old was Marja-Liisa Kirvesniemi when she won her first gold medal at the 1978 World Championships?,23,skier,804
How old was Marja-Liisa Kirvesniemi when she got divorced?,56,skier,804
How many years was Marja-Liisa Kirvesniemi married to Harri Kirvesniemi?,27,skier,804
How many years did Melissa L. Coates work professionally?,18,body builder,806
How many months ago did Melissa L. Coates die?,18,body builder,806
At what age did Melissa L. Coates retire from wrestling?,49,body builder,806
How many years after retiring did Melissa Coates pass away?,1,body builder,806
What age was Melissa Coates when she debuted at the IFBB Jan Tana Classic?,25,body builder,806
How many years after retiring did Melissa L. Coates die?,1,body builder,806
How old was Melissa L. Coates when her professional career started?,31,body builder,806
How old was Ambrose Rayappan when he became Archbishop Emeritus of Pondicherry and Cuddalore?,52,christian leader,817
How many years after his term as Archbishop Emeritus of Pondicherry and Cuddalore did Ambrose Rayappan die?,26,christian leader,817
How many years did Ambrose Rayappan serve as Archbishop Emeritus of Pondicherry and Cuddalore?,20,christian leader,817
How many years after his term ended did Ambrose Rayappan die?,26,christian leader,817
How old was Ambrose Rayappan when he was ordained?,22,christian leader,817
How many years ago did Ambrose Rayappan die?,23,christian leader,817
How long in years did Ambrose Rayappan serve as Archbishop Emeritus of Pondicherry and Cuddalore from 1953?,20,christian leader,817
How old was Alojzije Mišić when he became the Bishop of Mostar-Duvno and Apostolic Administrator of Trebinje-Mrkan?,53,christian leader,824
How many years after Alojzije Mišić was ordained did he become the Bishop of Mostar-Duvno and Apostolic Administrator of Trebinje-Mrkan?,30,christian leader,824
How many years were between Mišić's ordination and consecration?,30,christian leader,824
How long in years was Mišić's bishop term?,30,christian leader,824
How long in years was the longest tenure of another post Mišić ever held?,10,christian leader,824
How old was Alojzije Mišić when he was consecrated?,52,christian leader,824
How long in years did Alojzije Mišić serve as the Bishop of Mostar-Duvno?,30,christian leader,824
How long in years was Alojzije Mišić the Bishop of Mostar-Duvno and Apostolic Administrator of Trebinje-Mrkan?,30,christian leader,824
How many years after Alphonse Gallegos's ordination was his consecration?,23,christian leader,829
How old was Alphonse Gallegos when he became Auxiliary Bishop of Sacramento?,50,christian leader,829
How old was Alphonse Gallegos when he was ordained?,27,christian leader,829
How many years before Alphonse Gallegos died was he consecrated?,10,christian leader,829
For how many years was Alphonse Gallegos both Auxiliary Bishop of Sacramento and Titular Bishop of Sasabe?,10,christian leader,829
How long in years did Alphonse Gallegos serve as Auxiliary Bishop of Sacramento?,10,christian leader,829
"How many years ago did Alphonse Gallegos die in Sacramento, California, United States?",31,christian leader,829
How old was Alphonse Gallegos when he was appointed Auxiliary Bishop of Sacramento in 1981?,50,christian leader,829
How long in years did Alphonse Gallegos serve as Auxiliary Bishop of Sacramento?,10,christian leader,829
How old was Alessandro Riguccini when he began his career in 1999?,11,martial artist,840
How many years has Alessandro Riguccini been active in his career?,23,martial artist,840
How long in years was Alessandro Riguccini with his second team?,2,martial artist,840
How many years after becoming active did Riguccini join Zanfer Promotions?,13,martial artist,840
How old was Riguccini when he became active as a fighter?,11,martial artist,840
How many years has it been since Bustamante last fought?,10,martial artist,849
How many years was Murilo Bustamante active in MMA?,21,martial artist,849
What was Murilo Bustamante's age when he attended the Brazilian National Championship for the first time?,30,martial artist,849
How old was Murilo Bustamante when he won the gold medal at the 1999 Brazilian National Championship?,33,martial artist,849
How old was Murilo Bustamante when he began his MMA career?,25,martial artist,849
How many years was Murilo Bustamante active in his MMA career?,21,martial artist,849
How old was Mohammad Yamin when he took office as the 6th Minister of Law?,47,office holder,861
How many years longer was Yamin in office as the 8th Minister of National Education than as the 6th Minister of Law?,1,office holder,861
How many years after leaving office as the 8th Minister of National Education did Yamin take office as the 14th Minister of Information?,7,office holder,861
How many years did Mohammad Yamin serve as Minister of National Education?,2,office holder,861
How old was Mohammad Yamin when he became Minister of National Education in 1953?,50,office holder,861
How old was Mohammad Yamin when he became Minister of Information?,59,office holder,861
How long in years was Arnold Schwarzenegger the governor of California?,7,body builder,866
How old was Arnold Schwarzenegger when he got married?,39,body builder,866
How long in years was Arnold Schwarzenegger married?,35,body builder,866
How long in years did Arnold Schwarzenegger work as Governor of California?,7,body builder,866
How many years ago did Arnold Schwarzenegger serve in the military?,57,body builder,866
How long in years was Richard Caswell married to his wife?,5,politician,904
How many years longer was Caswell's term as the 1st Governor of North Carolina than his term as the 2nd Grand Master of the Masons of North Carolina?,3,politician,904
How old was Richard Caswell when he married Sarah Herritage?,29,politician,904
How old was Richard Caswell when he got married?,23,politician,904
How many years after the death of his first wife did Caswell die?,32,politician,904
In what year did Richard Caswell get into politics?,1776,politician,904
What year did Aslam Watanjar begin serving as Minister of Communications?,1980,office holder,913
How old was Aslam Watanjar when he stopped serving in the Afghanistan Army?,46,office holder,913
How many years did Aslam Watanjar serve in the military?,25,office holder,913
How old was Aslam Watanjar when he took office as the Minister of Defence?,44,office holder,913
How many years was Aslam Watanjar Minister of Defense?,2,office holder,913
How many years longer was Watanjar's third term as Minister of Internal Affairs than his first term?,1,office holder,913
How many years after beginning his military service did Watanjar first take office as Minister of Communications?,11,office holder,913
How old was Watanjar when he took office as Minister of Defence?,44,office holder,913
How old was Theo Bot when he last served as Permanent Representative of the Netherlands to the IAEA?,65,person,915
How old was Theo Bot when he married Elisabeth van Hal?,25,person,915
How many years did Theo Bot serve as Ambassador of the Netherlands to Austria?,3,person,915
How many years after his son Ben's birth did Bot take office as State Secretary for the Interior?,22,person,915
How old was Theo Bot when he first served in active duty in the East Indies Army?,29,person,915
"How many years longer was Theo Bot in office as Ambassador of the Netherlands to Canada than as Minister of Education, Arts and Sciences?",3,person,915
How many years was Theo Bot in the Reserve before going to active duty?,4,person,915
How many months was Theo Bot Ambassador to Austria?,37,person,915
At what age did Theo Bot become Ambassador to Canada?,56,person,915
How many years longer was Mohammad-Ali Foroughi's second term as 22nd Prime Minister of Iran than his first term?,1,office holder,928
How old was Mohammad-Ali Foroughi the year he took office as Minister of Justice?,36,office holder,928
How many years was Mohammad-Ali Foroughi a member of the Parliament of Iran?,12,office holder,928
How old was Mohammad-Ali Foroughi when he became a member of the Parliament of Iran?,32,office holder,928
How many years did Mohammad-Ali Foroughi serve as Prime Minister of Iran?,1,office holder,928
How many years after becoming a Member of the Parliament of Iran did Mohammad-Ali Foroughi become Minister of Foreign Affairs?,14,office holder,928
How many years after Dick King-Smith became a widower did he remarry?,1,book,929
How long in years was Dick King-Smith married to his second wife?,10,book,929
In what year did Dick King-Smith marry his first wife?,1943,book,929
How many years ago did Dick King-Smith win the Guardian Prize?,38,book,929
How many years had Dick King-Smith been a children's author when he married his second wife?,23,book,929
How many years after the last election will the next Vancouver City Council election take place?,4,legislature,935
How many months ago were Vancouver City Council members elected in 2018?,50,legislature,935
How many months ago was the most recent Vancouver City Council election?,2,legislature,935
How many years after Becca Balint became President pro tempore of the Senate did Alison Clarkson become the Senate Majority Leader?,0,legislature,936
How many years after Anthony Pollina became Senate Progressive Leader did Molly Gray become President of the Senate?,10,legislature,936
How many years elapsed between when Patricia McCoy became House Minority Leader and the next general election?,3,legislature,936
How many months ago was the Vermont General Assembly general election of 2020?,25,legislature,936
How many years after the last Vermont General Assembly general election will the next one take place?,2,legislature,936
How many years after Anthony Pollina became Senate Progressive Leader did Randy Brock become Senate Minority Leader?,10,legislature,936
"How many months before ""Price to Play"" was ""How About You"" released?",8,album,942
"How many years before Chapter V was ""So Far Away"" released?",2,album,942
How many years after Break the Cycle was Chapter V released?,4,album,942
How many years did it take for the fourth single to be released after the first single on the album 14 Shades of Grey?,1,album,942
How many years later was the next album released after 14 Shades of Grey?,2,album,942
What year was Confessions of a Dangerous Mind released?,2019,album,948
How many months after the release of the first single did the album Confessions of a Dangerous Mind release?,4,album,948
How many years after the Men's 4 × 200 metre freestyle relay at the Games of the XXXI Olympiad was the next related event?,4,athelete,963
How many years prior to the Games of the XXXI Olympiad was the related event to the Men's 4 × 200 metre freestyle relay?,4,athelete,963
"How many years before the 2021 Myanmar protests did the general election results occur, which the protesters want to recognize?",1,current war,964
How many years after the Myanmar coup d'état were the elections deferred?,2,current war,964
How many months after the start of the protests was the death toll 47 police officers and 7 soldiers?,3,current war,964
How old was the Constitution when the 2021 Myanmar Spring Revolution took place?,13,current war,964
How many months ago could the earliest detainees of the Myanmar Spring Revolution have been detained?,16,current war,964
How many years before the protests was the constitution they sought to abolish drafted?,13,current war,964
"How many months after the start of the 2021 Myanmar protests did the death toll reach 2,091?",3,current war,964
How many years old was the constitution when the 2021 Myanmar protests aimed to abolish it?,13,current war,964
How many months after the war started was the Croatian Army formed?,2,military conflict,966
For how many years did Libya support the Ethiopian Civil War?,8,civil war,979
During what year did Russia's support end and Israel's support begin?,1990,civil war,979
How many years after the beginning of the war did PDR Ethiopia become a belligerent?,13,civil war,979
How many years were between the establishment of the first ceasefire and the eruption of a wider conflict?,5,current war,990
How many more years was Mostafa Pourmohammadi a leader than Ali Shamkhani?,2,current war,990
How many years after the start of the Iran–PJAK conflict was the United States allegedly a supporter of Iran?,5,current war,990
How many years did Mohd. Ibrahim Moustafa serve as the leader of the Egyptian Army?,2,current war,1006
How many years ago did terrorism begin in Egypt?,9,current war,1006
How many years longer did Sedki serve as a leader or commander than Mohd. Ibrahim Moustafa?,2,current war,1006
How many years after terrorism began in Egypt did Wilayat Sinai become a belligerent?,1,current war,1006
How many years longer were Italy and the Axis belligerents than Hungary?,2,military conflict,1012
How many years after Walter von Brauchitsch became a leader was Franklin D. Roosevelt also a leader?,5,military conflict,1012
How many years ago did the Western Sahara War end?,31,military conflict,1014
For how many years did Mauritania participate in the Western Sahara War starting from 1975?,4,military conflict,1014
How many years after the beginning of the war did Mauritania retreat and withdraw?,4,military conflict,1014
How many years longer was Mauritania a belligerent than France?,3,military conflict,1014
How long in years after the start of the Gaza–Israel conflict did Sudan cease to be a belligerent?,9,current war,1018
How many years did Argentina support the Salvadoran Civil War?,4,civil war,1022
How many years ago did the Salvadoran Civil War end?,30,civil war,1022
How many years into the war was the picture of Ronald Reagan and José Napoleón Duarte taken?,6,civil war,1022
How long in years had the Salvadoran Civil War been going on when North Korea withdrew?,11,civil war,1022
How many years passed between China's first appearance in the Summer Olympics and its first in the Winter Olympics?,28,athelete,1024
In what year did China first participate in the Winter Olympics but not the Summer Olympics?,1994,athelete,1024
How many years has Hungary participated in the Summer Olympics?,29,athelete,1026
How many years after its first Summer Olympics appearance did Hungary make its first Winter Olympics appearance?,28,athelete,1026
How many years after its summer appearance did Hungary make its Intercalated Games appearance?,2,athelete,1026
How many years ago did the 12th Annual Honda Civic Tour start?,9,concert,1034
How many years after the 12th Annual Honda Civic Tour did Kelly Clarkson perform for the Piece by Piece Tour?,2,concert,1034
How many years was Rolling Stone on tour between 2012 and 2016?,4,concert,1035
How many months did 14 On Fire last?,9,concert,1035
How many years after 14 On Fire did the next tour occur?,1,concert,1035
How many years before the 14 On Fire concert tour began did the 50 & Counting concert tour end?,1,concert,1035
How many days before the 1960 Agadir earthquake were the first foreshocks?,6,earthquake,1036
How many months did people experience the effects of the 1960 Agadir earthquake?,3,earthquake,1036
How many months after the first foreshock was the last aftershock?,2,earthquake,1036
How many days after the 2014 Ludian earthquake were 112 people reported missing?,5,earthquake,1042
How many days after the 2014 Ludian earthquake were 112 people reported missing?,5,earthquake,1042
How many days after the 2014 Ludian earthquake were 617 people reported dead?,5,earthquake,1042
How many years after the Better Day World Tour was the next tour?,3,concert,1054
How long in years after the Backwoods Barbie Tour did the Blue Smoke World Tour begin?,6,concert,1054
How many years longer was Gagauzia an unrecognized breakaway state compared to Tatarstan?,2,event,1056
How many years after the beginning of the dissolution of the Soviet Union did Chechnya become an unrecognized breakaway state?,3,event,1056
What is the total number of years that the Space Shuttle program lasted?,39,space program,1062
How long in years did the Space Shuttle program run?,39,space program,1062
How many years after the Space Shuttle program began did its first flight occur?,5,space program,1062
How many months after the first crewed flight was the last flight?,363,space program,1062
The Space Shuttle's first crewed flight occurred how many years after its first flight?,4,space program,1062
"What year was the single ""2 of Amerikaz Most Wanted"" released?",1996,music,1066
"How many days did it take to record ""2 of Amerikaz Most Wanted""?",1,music,1066
"How many months after being recorded was ""2 of Amerikaz Most Wanted"" released?",7,music,1066
How long in years did the recording of 21st Century Breakdown take?,1,music,1070
"How many years after recording began was ""21st Century Breakdown"" released?",1,music,1070
"How many years after recording of ""21st Century Breakdown"" began was ""Last of the American Girls"" released?",2,music,1070
"In what year was ""21st Century Breakdown"" first recorded?",2008,music,1070
"What year was the single ""21st Century Breakdown"" released?",2009,music,1070
"How many years after ""21st Century Breakdown"" was its next single released?",1,music,1070
"How many years did it take to record ""21st Century Breakdown""?",2,song,1070
"What year was ""21st Century Breakdown"" released?",2009,song,1070
"How many years did the recording of ""21st Century Breakdown"" take?",1,song,1070
"What year was ""3 a.m. Eternal"" originally released?",1989,music,1071
"How many years passed between the first and last release of ""3 a.m. Eternal""?",3,music,1071
"What year was the live version of ""3 a.m. Eternal"" released?",1991,music,1071
"How many years after its release on Pure Trance 2 was ""3 a.m. Eternal"" released in the KLF vs ENT version?",3,music,1071
"How many years before ""Money Don't Matter 2 Night"" was ""Diamonds and Pearls"" released?",1,song,1075
"What year was the movie ""8 Mile"" released?",2002,movie,1077
How many years ago was this movie released?,20,movie,1077
"What year was ""8 Mile"" released?",2002,movie,1077
"How many days after the London premiere on October 8, 1941, did the movie ""49th Parallel"" premiere in the USA (New York)?",148,movie,1078
How many months after the UK nationwide release was the US nationwide release?,5,movie,1078
How many months after the New York City premiere was 49th Parallel released to the rest of the country?,1,movie,1078
For how many years was Access Hollywood known as Access?,2,show,1085
For how many years was Robert K. Silverstein the producer for Access Hollywood?,20,show,1085
"For how many years was Access Hollywood known simply as ""Access""?",2,show,1085
How long in years was Robert K. Silverstein a producer for Access Hollywood?,20,show,1085
What year was Wil Calhoun an executive producer of Friends?,2001,show,1088
What year was the Delaware Extension opened for Penn Central?,1968,rail line,1094
What year was the Delaware Extension closed for Penn Central?,1976,rail line,1094
How many years passed between the end of the Billie Mae Richards TV specials and the film in which Blitzen was Rudolph's father?,12,character,1095
What year was Arrow identified as part of Rudolph the Red-Nosed Reindeer's family?,1998,character,1095
"How many years did ""Rudolph the Red-Nosed Reindeer,"" voiced by Billie Mae Richards, run as a television special?",46,character,1095
What year was the last television special featuring Rudolph the Red-Nosed Reindeer?,2010,character,1095
How many years after Rudolph the Red-Nosed Reindeer's first appearance was Rusty introduced as his cousin?,59,character,1095
How many years were between Charlton Heston portraying and voicing the character?,44,character,1101
What year was Judah Ben-Hur last portrayed?,2016,character,1101
"How many years after the publication of ""A Tale of the Christ"" did Ramon Novarro portray Ben-Hur?",45,character,1101
How many years were between Carl Stockdale and Julian Rhind-Tutt playing Monks?,85,character,1104
What year was Monks last portrayed in a television miniseries?,2007,character,1104
What year was Monks portrayed by Carl Stockdale?,1922,character,1104
What year was Monks first released?,1922,character,1104
What year was Monks last released in film form?,1982,character,1104
How many years after its launching in the Soviet Union was the INS Vikramaditya commissioned?,5,navy vessel,1109
How many years ago was the INS Vikramaditya decommissioned in Soviet Union Russia?,26,navy vessel,1109
How many years passed from the time INS Trishul was ordered until its launch?,3,navy vessel,1113
How many months after its launch was INS Trishul officially commissioned?,19,navy vessel,1113
How many months after INS Trishul was ordered was it officially commissioned?,67,navy vessel,1113
How many years passed between the time INS Trishul was ordered and it was laid down?,2,navy vessel,1113
How many years after the launch of INS Trishul was it commissioned?,3,navy vessel,1113
How many days after being laid down was INS Trishul launched?,427,navy vessel,1113
How many years after INS Trishul was ordered was its launch?,3,navy vessel,1113
How many years after production stopped was the Firefly officially retired?,1,aircraft,1128
For how many years was the FAA Fairey Firefly produced?,14,aircraft,1128
How many years ago was the FAA Fairey Firefly retired from the Royal Navy?,66,aircraft,1128
How many years after its introduction was the Firefly in service?,13,aircraft,1128
How many years has it been since the Firefly was retired?,66,aircraft,1128
How many years after the first flight was the Firefly retired?,15,aircraft,1128
How many years after the Firefly was introduced did production stop?,12,aircraft,1128
How many years after PBY Catalina's first flight was its retirement by the United States Navy Reserve?,22,aircraft,1130
For how many years was the PBY Catalina in production?,9,aircraft,1130
For how many years was the PBY Catalina manufactured?,9,aircraft,1130
How long in years was the PBY Catalina in commission by the US Navy?,21,aircraft,1130
For how many years was the X-15 used by NASA and the US Air Force?,9,space program,1132
How many years was the X-15 in service before it was retired?,54,space program,1132
"How many days after its first flight on June 8, 1959, was the X-15 introduced?",101,space program,1132
How many years separated the X-15's first flight from its retirement?,9,space program,1132
How many months separated the introduction of the X-15 from its first flight?,3,space program,1132
How many months after the first flight was the X-15 introduced?,3,space program,1132
How many years were there between the first flight of the X-15 and when it was retired?,9,space program,1132
What year did the X-15 take its first flight?,1959,space program,1132
How many years was the Coordination Center for Ethnic Germans operational from 1937?,8,agency,1139
How long in years was Reichsführer-SS Heinrich Himmler the responsible minister for the Coordination Center for Ethnic Germans?,6,agency,1139
How many years did the Coordination Center for Ethnic Germans remain operational?,8,agency,1139
How many years ago was the Coordination Center for Ethnic Germans founded?,85,agency,1139
How many years separated the formation of V/Line Corporation as a State Transport Authority from it becoming a statutory authority?,20,agency,1141
What year was the V/Line Corporation formed as the State Transport Authority?,1983,agency,1141
How many years ago was the V/Line Corporation formed?,39,agency,1141
How many years has it been since the V/Line Corporation was formed as a statutory corporation?,19,agency,1141
How long in years has V/Line been a corporation?,19,agency,1141
How long in years was V/Line branded as an Authority?,20,agency,1141
How many years old was the Victorian Regional Channels Authority when the Transport Integration Act 2010 was implemented?,6,agency,1143
What year was the most recent edition of Catan published?,2015,board game,1147
How many years ago was the CATAN 3rd edition released?,25,board game,1147
How many years after the first edition was the 5th edition of CATAN released in 1995?,20,board game,1147
How many years longer was the time between the fourth and fifth editions than between the first and second editions?,7,board game,1147
How long in years was the time between the first and fourth editions of Catan?,12,board game,1147
What year was the first edition of Catan published?,1995,board game,1147
How many years passed between the first and revised issues of Heroes Unlimited?,3,game,1151
How many years ago was the first edition of Heroes Unlimited published?,38,game,1151
How many years after the original release was the 2nd edition released?,14,game,1151
How many years after Heroes Unlimited began was the last edition printed?,14,game,1151
In what year was the most recent edition of Heroes Unlimited published?,1998,game,1151
What year did Argentina become World Cup champions for the first time?,1978,national football team,1160
What year did Argentina make its first World Cup appearance?,1930,national football team,1160
How many years after Argentina's biggest win did it make its first appearance at the Panamerican Championship?,14,national football team,1160
How many years are between Argentina's first international match and their biggest defeat by Czechoslovakia?,56,national football team,1160
How many years after their first World Cup appearance did Argentina win a championship?,48,national football team,1160
What year was the first edition of Arkham Horror: The Card Game released?,2016,game,1161
What year was the first time that you could play Arkham Horror: The Card Game?,2016,game,1161
How many years ago was the first edition of Arkham Horror: The Card Game released?,6,game,1161
How many years ago was Arkham Horror: The Card Game published?,6,game,1161
For how many years was Atlantis in publication?,35,board game,1163
What year was Atlantis first published?,1984,board game,1163
What year was the most recent edition of Atlantis released?,2019,board game,1163
How many years passed between the first and second editions of Atlantis?,1,board game,1163
How many years were between the first edition of Atlantis and the 30th anniversary edition?,35,board game,1163
How many years longer was the time between the Second Age and the 30th Anniversary Edition than between the first and second editions?,4,board game,1163
What year was the first edition of Atlantis released?,1984,board game,1163
How many years are between Australia's first ODI and its last T20I?,51,cricket team,1164
How many years after achieving its best test ranking did Australia achieve its best ODI ranking?,38,cricket team,1164
How many years ago was Australia's first test in Cricket?,145,cricket team,1164
How many months ago did Australia play their last ODI?,6,cricket team,1164
How many years ago did Australia win the T20I World Cup?,1,cricket team,1164
How many years after acquiring its test status did Australia become a full member of the ICC?,32,cricket team,1164
How many years are between Australia's first international and their first AFC U-23 Asian Cup appearance?,46,national football team,1166
How many years after first appearing at the AFC U-23 Asian Cup did Australia achieve their best result?,7,national football team,1166
How many years apart were Australia's two biggest defeats?,20,national football team,1166
How many years after their first T20I in 2005 did England win the T20 World Cup?,5,cricket team,1172
How many years ago did England acquire Test status?,145,cricket team,1172
How many years are there between England's first ODI and first T20I?,34,cricket team,1172
How many years after their first World Cup appearance did England win a Championship?,44,cricket team,1172
How many years after acquiring its Test status did England achieve full ICC status?,32,cricket team,1172
What year was FATE most recently published?,2013,game,1175
How many years after its first publication was the second publication of FATE?,0,game,1175
In what year was FATE first published?,2003,game,1175
How many years was the Probe game active?,18,board game,1188
How many years after its last publication was Probe no longer active?,6,board game,1188
How many years after the publication of #112 was #202 published?,12,board game,1188
What year was Probe originally released?,1964,board game,1188
How long in years was Probe in production?,18,board game,1188
How many years did it take Sri Lanka to become a full ICC member after becoming an Associate member?,16,national cricket team,1191
How many years did it take for Sri Lanka to become a full member after attaining its Associate Member ICC status?,16,national cricket team,1191
What year did Sri Lanka gain its Associate Member ICC status?,1965,national cricket team,1191
How long in years was it between Sri Lanka's first ODI and first T20I?,31,national cricket team,1191
How many months ago was Ingenuity deployed to Mars?,15,space probe,1206
How many years did Ingenuity fly?,1,space probe,1206
How many months after deployment did it take for Ingenuity to travel 7.17 km?,14,space probe,1206
